site,year,month,co2_mean,ch4_mean,n2o_mean,sf6_mean,wind_direction,wind_speed,wind_steadiness,pressure,temp2m,temp10m,temp_tower,rel_humidity,precipitation_intensity
MLO,1969,8,322.51,,,,,,,,,,,,
MLO,1969,9,321.36,,,,,,,,,,,,
MLO,1969,10,320.74,,,,,,,,,,,,
MLO,1969,11,321.98,,,,,,,,,,,,
MLO,1969,12,323.78,,,,,,,,,,,,
MLO,1970,1,325.13,,,,,,,,,,,,
MLO,1970,2,325.54,,,,,,,,,,,,
MLO,1970,3,325.67,,,,,,,,,,,,
MLO,1970,4,326.58,,,,,,,,,,,,
MLO,1970,5,327.69,,,,,,,,,,,,
MLO,1970,6,327.3,,,,,,,,,,,,
MLO,1970,7,326.13,,,,,,,,,,,,
MLO,1970,8,324.91,,,,,,,,,,,,
MLO,1970,9,322.98,,,,,,,,,,,,
MLO,1970,10,322.65,,,,,,,,,,,,
MLO,1970,11,324.06,,,,,,,,,,,,
MLO,1970,12,325.56,,,,,,,,,,,,
MLO,1976,7,332.29,,,,,,,,,,,,
MLO,1976,8,331.04,,,,,,,,,,,,
MLO,1976,9,329.67,,,,,,,,,,,,
MLO,1976,10,329.33,,,,,,,,,,,,
MLO,1976,11,330.47,,,,,,,,,,,,
MLO,1976,12,331.97,,,,,,,,,,,,
MLO,1977,1,332.77,,,,197.380376344086,5.183870967741935,99.85349462365592,678.8424242424243,6.415456989247312,,,32.15810810810811,
MLO,1977,2,333.1,,,,155.0249169435216,-6.385267857142858,88.64583333333333,680.1014880952381,6.124851190476191,,,41.15233785822021,
MLO,1977,3,334.07,,,,144.18809201623816,6.643817204301075,99.26747311827955,678.2583333333334,4.390456989247313,,,44.42105263157895,
MLO,1977,4,335.78,,,,185.6456582633053,3.586666666666667,94.24722222222222,679.4380555555556,5.0929166666666665,,,57.498591549295774,
MLO,1977,5,336.49,,,,160.0806451612903,6.968413978494624,96.48387096774194,680.4565860215054,7.150789096126255,,,46.29837518463811,
MLO,1977,6,335.96,,,,163.44755244755245,6.143333333333333,99.09166666666668,681.345,8.072361111111112,,,41.69722222222222,
MLO,1977,7,334.64,,,,164.83333333333334,4.206586021505376,91.79569892473118,681.7842741935484,8.557200538358009,,,41.979757085020246,
MLO,1977,8,332.31,,,,157.13685636856368,2.9922043010752684,90.03763440860214,682.0021505376344,8.588172043010752,,,47.96639784946237,
MLO,1977,9,330.66,,,,170.36011477761838,0.2040277777777777,96.06388888888888,681.5530555555555,8.291759776536312,,,43.547486033519554,
MLO,1977,10,330.55,,,,170.96346153846153,-27.46733870967742,66.74327956989248,681.5807795698925,7.638783783783784,,,40.46621621621622,
MLO,1977,11,331.73,,,,176.60556844547563,-37.903194444444445,55.64305555555556,680.9891666666666,7.027629733520336,,,24.403927068723704,
MLO,1977,12,333.75,,,,196.4237516869096,3.519623655913979,98.68145161290325,679.7727150537635,5.725237449118046,,,28.468113975576664,
MLO,1978,1,335.17,,,,211.43145161290323,4.558736559139785,98.9744623655914,680.9619623655915,5.199456521739131,,,29.328785811732605,
MLO,1978,2,335.78,,,,218.7744107744108,-7.567261904761903,87.02380952380952,679.7692537313433,4.687518796992481,,,30.3644578313253,
MLO,1978,3,336.7,,,,198.40591397849465,5.64247311827957,99.70698924731182,680.0967741935484,5.042375168690959,,,25.54251012145749,
MLO,1978,4,337.77,,,,196.47972027972028,3.733194444444445,98.33472222222224,680.2497222222222,4.711484593837535,,,34.74929971988796,
MLO,1978,5,338.02,,,,197.722371967655,4.389650537634409,98.82795698924733,681.2309139784945,6.345919778699862,,,57.35235378031384,
MLO,1978,6,337.57,,,,173.4575799721836,3.8825000000000007,98.94027777777778,681.2516666666666,7.153716690042076,,,44.49016853932584,
MLO,1978,7,336.17,,,,158.76486486486488,4.011693548387097,98.82795698924733,681.3278225806451,7.289959294436906,,,45.43012211668928,
MLO,1978,8,333.89,,,,158.8179347826087,2.604166666666667,97.50940860215054,681.6940860215052,7.554607046070459,,,48.735054347826086,
MLO,1978,9,332.18,,,,164.77384615384616,-6.209305555555557,88.49444444444444,681.5058333333333,7.365782122905028,,,35.44134078212291,
MLO,1978,10,332.2,,,,183.8842530282638,3.2326612903225804,98.9744623655914,680.9876344086022,6.800272108843538,,,41.97414965986395,
MLO,1978,11,333.25,,,,212.9346314325452,4.704722222222221,98.33472222222224,679.7534722222222,4.317154811715481,,,56.417597765363126,
MLO,1978,12,334.64,,,,191.989247311828,6.187634408602151,99.26747311827955,680.0923387096774,4.1091891891891885,,,24.783783783783782,
MLO,1979,1,336.12,,,,217.8567567567568,4.471370967741935,99.12096774193547,679.0001344086021,2.397981157469718,,,42.84770889487871,
MLO,1979,2,337.21,,,,220.6631736526946,3.8373511904761903,97.89136904761904,678.6669642857144,2.6348214285714286,,,58.61251862891207,
MLO,1979,3,338.51,,,,201.82930107526883,4.428763440860215,98.38844086021506,679.5053835800808,4.742625169147497,,,36.329268292682926,
MLO,1979,4,339.01,,,,215.06954102920724,5.585,99.09166666666668,679.24625,6.028631284916201,,,40.27095808383233,
MLO,1979,5,338.93,,,,197.86043360433604,2.7288978494623657,97.50940860215054,681.4395161290322,7.921815718157182,,,34.0719131614654,
MLO,1979,6,338.97,,,,185.5980528511822,3.0701388888888888,98.48611111111111,681.8434722222222,8.201673640167364,,,35.88284518828452,
MLO,1979,7,337.78,,,,158.88140161725067,4.004704301075269,99.12096774193547,682.5516129032258,8.579025710419485,,,35.10433604336043,
MLO,1979,8,335.57,,,,168.46811397557667,3.3047043010752684,97.9489247311828,682.2423387096774,8.543206521739132,,,42.180952380952384,
MLO,1979,9,333.94,,,,148.30737134909597,3.720694444444444,98.6375,681.8945833333333,8.428811188811189,,,35.04755244755245,
MLO,1979,10,334.41,,,,178.1711590296496,3.835887096774193,98.53494623655914,682.2498655913978,7.096481732070366,,,50.20867208672087,
MLO,1979,11,335.66,,,,186.8421787709497,3.937777777777778,98.6375,680.5163888888889,6.272878998609179,,,44.19888734353268,
MLO,1979,12,336.81,,,,188.5540540540541,3.7301075268817208,98.09543010752688,680.9837365591399,6.7586160108548174,,,28.57666214382632,
MLO,1980,1,338.92,,,,244.07344632768363,1.980510752688172,94.28629032258064,678.5068278805121,4.776900584795321,,,35.43191800878477,
MLO,1980,2,340.3,,,,221.691091954023,7.567959770114943,99.8433908045977,679.448275862069,6.908538350217077,,,26.4876989869754,
MLO,1980,3,341.47,,,,163.1078167115903,4.773790322580645,98.09543010752688,679.7915322580645,3.634456928838951,,,49.551594746716695,
MLO,1980,4,342.89,,,,150.52100840336135,3.7345833333333336,98.18333333333334,681.2845070422535,6.583636363636364,,,29.946853146853147,
MLO,1980,5,342.91,,,,173.88661202185793,2.282930107526881,97.8024193548387,681.372311827957,6.93265306122449,,,33.330150068212824,
MLO,1980,6,341.74,,,,179.03765690376568,3.094583333333333,97.72916666666669,681.7922222222222,8.726117318435755,,,29.28072625698324,
MLO,1980,7,339.16,,,,163.1316146540027,2.704569892473118,97.06989247311829,682.0896505376344,8.81011396011396,,,34.75896700143472,
MLO,1980,8,337.04,,,,156.9189189189189,2.550940860215054,97.36290322580643,681.3028225806452,8.32883787661406,,,29.001434720229557,
MLO,1980,9,336.6,,,,177.302649930265,2.9247222222222224,98.33472222222224,681.8363888888888,8.164295676429568,,,42.93165969316597,
MLO,1980,10,336.6,,,,144.81978319783198,3.826209677419355,98.82795698924733,682.0919246298788,7.841621621621622,,,23.532432432432437,
MLO,1980,11,337.55,,,,151.49162011173183,4.424305555555556,98.94027777777778,681.9530555555555,8.074120956399438,,,19.964838255977497,
MLO,1980,12,339.17,,,,223.6491935483871,4.944086021505377,99.41397849462363,680.0626344086021,7.38835725677831,,,24.00956937799043,
MLO,1981,1,340.45,,,,213.16823687752355,5.005510752688172,99.41397849462363,680.6083333333333,7.3040705563093615,,,16.398058252427184,
MLO,1981,2,341.48,,,,185.3571428571429,7.502976190476191,99.51339285714286,679.649255952381,5.940902255639098,,,16.80821917808219,
MLO,1981,3,342.42,,,,178.50420168067228,0.7244623655913982,95.45833333333331,681.1362903225806,5.78492597577389,,,17.506944444444443,
MLO,1981,4,343.46,,,,181.01949860724235,3.922361111111111,98.6375,680.8243055555556,6.07635605006954,,,22.460339943342778,
MLO,1981,5,343.7,,,,220.97272727272727,-69.29099462365592,22.05913978494624,681.351506849315,9.160164835164837,,,21.15686274509804,
MLO,1981,6,342.48,,,,161.11854951185495,5.692777777777778,98.94027777777778,681.9465277777778,9.28563458856346,,,22.917857142857144,
MLO,1981,7,340.53,,,,152.36441893830704,-2.456048387096774,91.79569892473118,681.6685483870967,9.888994565217391,,,25.680129240710823,
MLO,1981,8,338.8,,,,164.33875338753387,3.4081989247311824,98.82795698924733,681.9077956989248,8.709078590785909,,,43.81418439716312,
MLO,1981,9,337.48,,,,175.31197771587745,3.894444444444445,99.24305555555556,681.7004166666666,8.025069637883009,,,44.9066852367688,
MLO,1981,10,337.64,,,,204.3956931359354,3.0170698924731187,97.50940860215054,681.1317204301075,7.401349527665316,,,40.58970792767733,
MLO,1981,11,339.0,,,,161.01120448179273,4.085416666666666,97.88055555555556,681.74375,7.179247910863511,,,33.229050279329606,
MLO,1981,12,340.32,,,,168.0554803788904,4.240188172043011,98.24193548387096,680.5327956989247,6.001347708894879,,,37.0,
MLO,1982,1,341.21,,,,204.83041722745625,4.150672043010753,99.56048387096774,679.2373655913979,4.6521621621621625,,,53.09864864864865,
MLO,1982,2,342.1,,,,216.339312406577,7.551934523809525,99.02678571428572,677.6327380952381,4.029235382308846,,,44.30061349693251,
MLO,1982,3,343.13,,,,219.26819407008085,3.35255376344086,97.06989247311829,679.1723118279571,3.80243553008596,,,66.80681818181819,
MLO,1982,4,343.92,,,,232.3972027972028,3.783611111111111,98.33472222222224,680.1226388888889,5.791504178272979,,,53.277016742770165,
MLO,1982,5,343.86,,,,157.8736413043478,2.3783602150537635,97.65591397849462,680.9494623655914,7.438346883468835,,,38.23148148148148,
MLO,1982,6,342.96,,,,172.84379358437937,3.089027777777777,97.57777777777778,681.7104964539008,9.09944211994421,,,45.77808988764045,
MLO,1982,7,341.55,,,,155.90540540540542,4.532930107526882,98.68145161290325,681.9228494623655,9.133468286099864,,,43.83611111111111,
MLO,1982,8,339.34,,,,176.66984993178718,2.9104838709677416,96.19086021505376,682.1120967741936,7.806233062330623,,,67.2233727810651,
MLO,1982,9,337.41,,,,204.2065063649222,1.8351388888888884,96.97222222222224,681.5301388888888,7.825874125874126,,,53.87445887445888,
MLO,1982,10,337.73,,,,180.36742934051145,3.087365591397849,97.9489247311828,680.7677419354839,8.231978319783199,,,40.63892806770099,
MLO,1982,11,339.13,,,,169.9427374301676,4.506805555555555,96.82083333333334,680.8593055555555,8.266619915848528,,,34.4039270687237,
MLO,1982,12,340.75,,,,183.0471063257066,5.154704301075269,99.41397849462363,681.2806451612903,6.5610583446404345,,,24.740841248303933,
MLO,1983,1,342.05,,,,210.75033738191632,5.4672043010752684,98.38844086021506,681.5154777927322,8.114111261872456,,,13.71506105834464,
MLO,1983,2,342.46,,,,212.52036199095025,2.8470238095238094,97.56696428571428,681.4236607142857,6.912388059701492,,,15.828358208955224,
MLO,1983,3,343.21,,,,200.88243243243244,3.409543010752688,97.9489247311828,682.4923387096774,8.533108108108108,,,16.005405405405405,
MLO,1983,4,345.21,,,,210.85355648535565,2.3441666666666667,96.82083333333334,680.9640277777778,6.078902953586498,,,37.59634317862166,
MLO,1983,5,346.19,1639.45,,,187.9202702702703,3.225940860215053,97.8024193548387,681.9010752688172,7.969459459459458,,,26.34530386740332,
MLO,1983,6,345.39,1633.46,,,139.82451253481895,4.068194444444444,96.82083333333334,682.6709722222222,8.747486033519554,,,32.776998597475455,
MLO,1983,7,343.61,1633.17,,,163.98639455782313,3.548252688172043,97.06989247311829,682.546505376344,10.242547425474257,,,22.30494505494505,
MLO,1983,8,341.29,1631.46,,,162.63287671232877,2.640725806451613,96.77688172043013,683.1170698924731,9.53935309973046,,,32.18298555377207,
MLO,1983,9,339.86,1648.35,,,169.93715083798884,3.6759722222222218,96.97222222222224,681.7902777777778,7.937727910238429,,,43.87096774193548,
MLO,1983,10,340.06,1663.77,,,174.84636118598382,3.768817204301076,97.8024193548387,681.6579301075269,7.060975609756097,,,33.043360433604335,
MLO,1983,11,341.23,1658.31,,,147.47308781869688,3.1320833333333327,95.45833333333331,683.0497222222222,8.006119610570236,,,23.48830409356725,
MLO,1983,12,342.81,1654.25,,,200.0689189189189,5.383064516129032,98.38844086021506,680.574193548387,5.275540540540541,,,34.52972972972973,
MLO,1984,1,344.03,1658.98,,,158.27740189445197,4.359677419354839,98.53494623655914,681.0366935483871,4.352032520325204,,,38.22628726287263,
MLO,1984,2,344.69,1656.57,,,150.59768451519537,4.849712643678161,98.433908045977,680.4936781609196,4.634492753623189,,,26.04057971014493,
MLO,1984,3,345.62,1655.66,,,186.71932773109245,-15.337903225806452,76.9986559139785,681.7062330623306,6.920414201183432,,,21.692047377326563,
MLO,1984,4,346.92,1657.7,,,121.02127659574468,-92.80375,-1.8847222222222224,684.4893617021277,9.57872340425532,,,4.212765957446808,
MLO,1984,5,347.49,1649.41,,,157.33333333333334,-0.146908602150538,93.26075268817203,682.3448179271709,7.426788218793829,,,28.976157082748948,
MLO,1984,6,346.73,1633.72,,,140.5211267605634,-6.511388888888889,86.52638888888889,682.7168055555555,10.21470588235294,,,19.026610644257705,
MLO,1984,7,345.2,1629.62,,,151.9499263622975,-5.120430107526882,87.40053763440861,681.8549783549784,7.652456647398844,,,44.35982658959538,
MLO,1984,8,342.96,1643.84,,,191.25828729281767,0.4669354838709677,92.38172043010752,682.2860082304527,8.74,,,38.16137931034483,
MLO,1984,9,341.4,1663.22,,,183.06629055007053,1.3040277777777778,94.55,681.8595804195804,7.347524752475247,,,42.23903818953324,
MLO,1984,10,341.79,1673.73,,,169.25815217391303,2.997043010752688,96.33736559139786,682.838679245283,7.384646739130435,,,46.62585034013605,
MLO,1984,11,343.08,1676.17,,,156.3125,-4.737916666666667,88.19166666666666,682.6684290030212,6.125343511450383,,,50.93435114503817,
MLO,1984,12,343.99,1671.13,,,163.4091778202677,-26.010618279569893,66.30376344086021,678.7709125475285,4.272433460076046,,,52.56927710843374,
MLO,1985,1,344.68,1662.45,,,208.6146540027137,4.346639784946237,98.09543010752688,679.2214092140922,5.569767441860465,,,22.98739495798319,
MLO,1985,2,345.74,1665.35,,,174.53082706766918,4.070238095238095,96.75595238095238,678.2888392857143,4.027503736920777,,,47.89624060150376,
MLO,1985,3,346.95,1677.28,,,146.2816091954023,-1.1745967741935477,92.38172043010752,678.7567335243554,3.1949640287769783,,,43.66868381240545,
MLO,1985,4,347.9,1674.23,,,212.007299270073,-0.5522222222222234,93.49027777777778,679.1698113207547,4.290538573508005,,,50.21542940320233,
MLO,1985,5,348.67,1666.05,,,193.92016238159675,4.08736559139785,97.65591397849462,679.8645161290322,6.039024390243903,,,42.80466472303207,
MLO,1985,6,348.29,1658.56,,,182.17027417027415,-0.2879166666666662,93.64166666666668,680.8144492131618,8.210564399421129,,,33.030837004405285,
MLO,1985,7,346.29,1653.47,,,167.25880758807588,3.410080645161291,96.33736559139786,681.0483870967741,8.35457025920873,,,42.6078431372549,
MLO,1985,8,343.99,1653.8,,,173.26657645466847,3.622177419354839,97.9489247311828,681.1647849462365,8.101222826086957,,,45.62417582417582,
MLO,1985,9,342.88,1667.54,,,186.3230769230769,4.090277777777778,98.18333333333334,680.1352777777778,7.899441340782123,,,44.89067524115756,
MLO,1985,10,342.94,1680.79,,,184.3343151693667,-5.551209677419355,88.71908602150538,680.4734992679356,7.641467576791809,,,,
MLO,1985,11,344.14,1680.03,,,195.81512605042016,4.297083333333333,97.275,678.7585755813953,6.5191819464033856,,,,
MLO,1985,12,345.4,1677.19,,,197.2113055181696,4.681720430107527,97.9489247311828,679.7322580645161,6.0086838534599725,,,31.864145658263304,
MLO,1986,1,346.2,1675.11,,,196.8178137651822,4.577150537634408,98.53494623655914,679.2881720430108,7.35743519781719,,,19.5893587994543,
MLO,1986,2,346.71,1666.17,,,220.7177177177177,6.209226190476191,98.70238095238096,678.1686656671665,6.574583963691377,,,29.124054462934943,
MLO,1986,3,347.78,1671.94,,,190.3994601889339,3.4901881720430104,97.8024193548387,680.8449528936743,6.666037735849057,,,40.389487870619945,
MLO,1986,4,349.39,1687.7,,,146.6,4.699166666666667,98.18333333333334,679.4150000000001,5.152094972067038,,,51.80905233380481,
MLO,1986,5,350.05,1685.43,,,177.82907133243606,3.490725806451613,97.50940860215054,680.2991935483872,7.839154160982264,,,41.6490984743412,
MLO,1986,6,349.15,1684.24,,,151.7146853146853,4.199861111111111,98.48611111111111,680.8713091922006,9.107293127629733,,,28.64730878186969,
MLO,1986,7,347.14,1681.97,,,173.26301369863015,2.701612903225806,96.48387096774194,681.215074024226,8.432791327913279,,,40.504629629629626,
MLO,1986,8,345.34,1669.95,,,160.1786197564276,4.613978494623656,98.24193548387096,681.0521505376345,9.16453804347826,,,37.22720478325859,
MLO,1986,9,344.13,1679.66,,,192.7142857142857,2.204861111111111,96.06388888888888,680.5156944444445,7.812394366197182,,,52.86185567010309,
MLO,1986,10,343.89,1690.43,,,149.72628726287263,3.4641129032258067,98.38844086021506,681.064507422402,7.821369863013699,,,33.005376344086024,
MLO,1986,11,345.45,1691.83,,,159.8854748603352,4.510833333333333,98.48611111111111,679.8372222222223,7.10365682137834,,,,
MLO,1986,12,346.92,1697.28,,,160.54239569313594,5.631720430107527,99.56048387096774,680.0747638326585,7.103950953678474,,,,
MLO,1987,1,347.58,1692.01,,,169.5084745762712,-0.6286290322580655,93.84677419354838,679.4226573426574,5.442415730337078,,,,0.0
MLO,1987,2,348.33,1689.77,,,221.9089552238806,5.046279761904762,99.51339285714286,677.2208333333334,4.934632683658171,,,,0.0267857142857142
MLO,1987,3,349.34,1694.31,,,199.24528301886792,5.786021505376344,98.9744623655914,679.0258064516129,5.212162162162161,,,27.742857142857144,0.0053763440860215
MLO,1987,4,350.82,1695.54,,,195.952580195258,4.04875,97.4263888888889,679.5020833333333,7.232447552447552,,,29.44475524475525,0.0041666666666666
MLO,1987,5,351.85,1694.29,,,223.3225371120108,4.830645161290323,98.9744623655914,678.4477732793523,6.830612244897959,,,36.84525547445256,0.0618279569892473
MLO,1987,6,351.47,1687.1,,,206.9943741209564,2.2968055555555558,96.36666666666666,680.9663888888889,7.577777777777778,,,29.880434782608692,0.0138888888888888
MLO,1987,7,349.69,1680.58,,,157.70945945945945,3.1071236559139783,97.9489247311828,680.6930107526881,8.325271739130434,,,45.32005494505494,0.0268817204301075
MLO,1987,8,347.54,1678.28,,,175.66121842496284,-6.225134408602152,87.84005376344086,680.6114555256065,9.519340974212035,,,32.78034682080925,0.0
MLO,1987,9,346.51,1680.98,,,200.8375,-7.783888888888888,86.22361111111111,680.7952722063037,7.561252900232018,,,58.64037122969837,0.0229555236728837
MLO,1987,10,346.87,1700.85,,,154.35474452554743,-4.533064516129032,88.86559139784946,680.6278002699055,8.312075983717774,,,42.8768115942029,0.0579514824797843
MLO,1987,11,348.16,1716.04,,,167.64011379800854,2.8270833333333334,96.51805555555556,680.7606789250354,6.690687679083095,,,32.65329512893983,0.0
MLO,1987,12,349.46,1707.47,,,167.93484419263456,-0.90967741935484,90.91666666666669,679.8540322580645,6.155675675675677,,,45.00692520775623,0.3480662983425414
MLO,1988,1,350.33,1697.69,,,182.2808022922636,-1.7596774193548386,92.23521505376344,679.4212365591397,5.427777777777777,,,34.3089430894309,0.086021505376344
MLO,1988,2,351.39,1700.67,,,175.83870967741936,1.7267241379310347,96.39798850574712,678.9350574712644,4.7639130434782615,,,33.582608695652176,0.0
MLO,1988,3,352.56,1705.39,,,187.24150268336317,-21.869489247311822,72.16397849462365,680.2192805755396,5.791961414790998,,,27.770096463022508,0.0158045977011494
MLO,1988,4,353.75,1707.56,,,137.92295597484278,-8.208472222222223,86.22361111111111,679.7937150837989,6.391932773109243,,,30.59831932773109,0.0363128491620111
MLO,1988,5,354.38,1705.23,,,173.38378378378377,3.218279569892473,98.38844086021506,681.3889784946236,7.859485094850949,,,37.34599156118144,0.0
MLO,1988,6,353.86,1698.38,,,133.0812324929972,4.274444444444445,96.66944444444444,681.8193055555555,9.531754874651812,,,28.03230337078652,0.0236111111111111
MLO,1988,7,352.36,1687.23,,,165.65629228687416,3.4418010752688177,97.06989247311829,681.3569892473118,8.384646739130435,,,37.86413043478261,0.0
MLO,1988,8,350.16,1691.28,,,145.76256983240222,-0.1021505376344086,92.8212365591398,681.1520161290322,9.15,,,37.38517441860465,0.0497311827956989
MLO,1988,9,348.81,1700.7,,,164.77133655394525,-11.033472222222224,82.2875,680.7227777777778,8.754915730337078,,,42.47782546494993,0.0027777777777777
MLO,1988,10,349.12,1708.28,,,172.23031203566123,-6.148521505376344,89.45161290322581,680.5073758865249,7.496849087893865,,,46.3167495854063,0.0425531914893617
MLO,1988,11,350.13,1719.36,,,160.85542168674698,-2.321666666666668,91.52222222222224,680.8297222222222,5.805594405594405,,,57.0744382022472,0.0569444444444444
MLO,1988,12,351.58,1725.67,,,163.67127071823205,3.0014784946236563,96.77688172043013,679.6263448275862,4.336717663421418,,,46.85269121813031,0.016551724137931
MLO,1989,1,352.71,1720.88,,,168.0363391655451,5.457526881720431,99.56048387096774,678.6188172043011,2.7834454912516824,,,59.05192878338279,0.0685483870967741
MLO,1989,2,353.11,1712.75,,,185.71021021021025,3.85922619047619,98.2157738095238,678.1669642857144,3.139461883408072,,,57.95412844036697,0.0744047619047619
MLO,1989,3,353.91,1714.97,,,181.28783783783783,5.165188172043011,99.12096774193547,679.3245967741935,4.968879668049793,,,50.26832641770401,0.043010752688172
MLO,1989,4,355.49,1723.46,,,210.54073033707863,2.2961111111111108,97.72916666666669,678.0344923504867,3.745403899721448,,,64.99708454810495,0.1194444444444444
MLO,1989,5,356.1,1724.46,,,201.0054421768708,2.837903225806451,98.24193548387096,680.4186827956989,5.388290713324361,,,56.410979228486646,0.0873655913978494
MLO,1989,6,355.37,1713.1,,,161.74616457461644,3.719305555555556,99.54583333333332,681.325,8.260111576011157,,,40.30472103004292,0.0361111111111111
MLO,1989,7,353.95,1699.86,,,159.51355013550136,4.679166666666667,98.68145161290325,681.7077956989247,8.077717391304347,,,47.47554347826087,0.0955585464333782
MLO,1989,8,351.4,1706.74,,,155.10854816824963,2.690456989247312,98.24193548387096,681.0852150537634,8.546216216216218,,,39.25986394557823,0.0134408602150537
MLO,1989,9,349.56,1720.76,,,160.31748251748252,2.954444444444444,98.48611111111111,680.1654166666666,8.65077574047955,,,34.19460227272727,0.0138888888888888
MLO,1989,10,349.94,1721.99,,,186.849931787176,1.5161290322580645,97.21639784946235,680.5727642276423,6.989001447178002,,,64.07561728395062,0.0403225806451612
MLO,1989,11,351.58,1726.29,,,175.89761570827488,3.179583333333333,98.48611111111111,680.1063888888889,7.1270622286541245,,,29.28368794326241,0.0
MLO,1989,12,352.91,1730.64,,,217.8559782608696,3.6123655913978494,98.24193548387096,678.9772357723577,5.348641304347826,,,30.349381017881704,0.0336021505376344
MLO,1990,1,354.08,1727.95,,,168.92972972972973,5.075268817204301,98.9744623655914,678.7304582210243,5.095257452574526,,,46.425,0.2864864864864865
MLO,1990,2,355.18,1728.59,,,209.72089552238805,6.868303571428571,99.35119047619048,678.653125,3.91479674796748,,,34.542148760330576,0.144345238095238
MLO,1990,3,355.97,1733.77,,,184.3351278600269,5.129166666666666,99.85349462365592,680.0749999999999,5.53989218328841,,,42.45111731843576,0.0873655913978494
MLO,1990,4,356.78,1737.53,,,188.19471488178024,4.142777777777778,99.84861111111113,680.3791666666667,7.19217877094972,,,34.38068181818182,0.0
MLO,1990,5,357.25,1734.68,,,164.4656796769852,4.145833333333333,99.56048387096774,680.8424731182796,7.991180461329715,,,32.4601226993865,0.0
MLO,1990,6,356.4,1722.25,,,142.56083916083915,4.715555555555556,98.6375,681.8129166666666,9.893435754189944,,,25.41949152542373,0.0
MLO,1990,7,354.6,1712.69,,,172.98536585365855,-13.85295698924731,80.51478494623656,681.4211021505376,7.50300136425648,,,46.04874651810585,0.021505376344086
MLO,1990,8,352.51,1718.09,,,175.88394062078274,3.5565860215053764,99.26747311827955,682.0611559139785,9.101759133964816,,,42.21768707482993,0.021505376344086
MLO,1990,9,351.28,1733.82,,,173.17852161785217,3.046111111111112,98.6375,681.5331944444445,7.820578778135047,,,54.89738805970149,0.0319444444444444
MLO,1990,10,351.6,1736.93,,,180.39837398373984,2.5846774193548385,98.38844086021506,681.6070080862534,7.436541143654114,,,42.949928469241776,0.0175202156334231
MLO,1990,11,353.18,1741.56,,,188.4177777777778,-2.413749999999999,91.52222222222224,680.3207048458149,6.5694029850746265,,,66.15560165975104,0.2294117647058823
MLO,1990,12,354.74,1749.56,,,181.4310810810811,5.437768817204302,98.68145161290325,678.9862019914651,4.641774193548387,,,55.07142857142857,0.1978465679676985
MLO,1991,1,355.32,1734.87,,,209.37061994609164,5.119892473118279,97.50940860215054,679.241935483871,5.056553755522828,,,41.74439461883408,0.0026881720430107
MLO,1991,2,356.19,1731.14,,,223.94791666666663,5.727232142857143,99.35119047619048,679.2224702380952,6.056736526946108,,,33.496996996997,0.0044642857142857
MLO,1991,3,357.64,1746.49,,,189.54864864864865,4.549596774193549,97.06989247311829,679.5201612903226,3.805962059620597,,,52.95408895265423,0.0336021505376344
MLO,1991,4,358.78,1749.58,,,174.1484593837535,4.105138888888889,97.12361111111112,680.5215277777778,6.084691011235956,,,32.42275280898876,0.0069444444444444
MLO,1991,5,359.44,1747.44,,,164.90672153635117,1.4352150537634407,94.28629032258064,680.9625675675676,7.965068493150685,,,29.54883081155433,0.0
MLO,1991,6,358.38,1739.94,,,168.10876623376623,-12.208749999999998,80.925,681.0229166666667,8.148163841807909,,,34.229787234042554,0.0097222222222222
MLO,1991,7,355.96,1730.92,,,151.76506955177743,-9.446505376344083,82.41935483870968,681.6456989247312,9.497967479674797,,,32.98624484181568,0.0120967741935483
MLO,1991,8,353.92,1722.12,,,183.9550898203593,-6.713037634408602,84.90994623655914,682.0330924855492,8.181847649918963,,,50.22222222222222,0.0511440107671601
MLO,1991,9,352.52,1734.56,,,146.60708782742682,-6.053611111111111,87.28333333333333,680.7983333333334,8.207313195548489,,,44.30049261083744,0.0319444444444444
MLO,1991,10,352.62,1751.76,,,166.76976421636616,-0.3217741935483872,93.7002688172043,680.108064516129,8.227604871447902,,,42.46002805049088,0.0
MLO,1991,11,354.1,1750.4,,,156.08487654320987,-5.501388888888889,87.58611111111111,680.9398611111111,7.852875175315568,,,40.482698961937714,0.0
MLO,1991,12,355.54,1752.36,,,180.11970802919708,-4.496908602150539,89.74462365591398,680.0119623655914,6.080027173913043,,,44.84699453551912,0.010752688172043
MLO,1992,1,356.74,1755.64,,,215.48189415041784,0.7063172043010749,95.16532258064515,680.0765277777778,6.324930362116991,,,33.167597765363126,0.0458333333333333
MLO,1992,2,357.39,1750.16,,,223.85611510791367,5.359051724137931,99.0603448275862,679.0925179856115,5.558550724637682,,,27.423753665689148,0.0043165467625899
MLO,1992,3,358.23,1752.33,,,159.96598639455783,2.1462365591397847,96.9233870967742,680.7633649932158,6.433103448275862,,,26.662068965517243,0.0
MLO,1992,4,359.28,1753.26,,,215.20781032078105,4.341527777777778,97.12361111111112,679.8227777777778,8.301123595505617,,,30.870604781997187,0.0
MLO,1992,5,360.05,1744.68,,,220.66981132075472,5.4595430107526886,98.9744623655914,680.3934139784946,8.55293315143247,,,37.06172839506173,0.0
MLO,1992,6,359.59,1743.27,,,129.35115606936415,0.7441666666666663,95.45833333333331,681.6705555555556,10.100697350069735,,,26.433751743375176,0.0
MLO,1992,7,357.27,1736.28,,,133.75346260387812,1.017204301075268,95.7513440860215,681.4626344086021,8.778561736770692,,,46.34217877094972,0.0725806451612903
MLO,1992,8,355.13,1725.83,,,168.3903448275862,1.223521505376344,95.16532258064515,682.4470027247957,8.39041095890411,,,53.91255289139633,0.0926430517711171
MLO,1992,9,353.79,1729.8,,,178.40611961057024,3.2059722222222224,98.03194444444443,680.7951321279555,7.991371994342291,,,64.97973950795948,0.1323119777158774
MLO,1992,10,353.66,1740.79,,,167.29817158931084,-0.1232526881720433,93.99327956989248,681.3823776223776,8.116949152542373,,,45.933143669985775,0.0067842605156037
MLO,1992,11,354.73,1755.43,,,183.69027777777777,4.859722222222223,98.78888888888888,680.4827777777778,7.029718309859155,,,48.25115562403698,0.1027777777777777
MLO,1992,12,356.08,1758.31,,,166.89636608344549,5.256048387096774,98.24193548387096,679.7857526881721,5.616734143049933,,,47.82993197278912,0.032258064516129
MLO,1993,1,356.92,1747.88,,,227.6909581646424,7.326075268817204,98.68145161290325,677.4335579514825,4.134688346883469,,,31.07152682255846,0.17092866756393
MLO,1993,2,357.51,1745.8,,,216.3353204172876,5.885119047619048,99.1889880952381,679.2129464285714,5.522754491017964,,,18.88323353293413,0.0
MLO,1993,3,358.36,1747.9,,,192.1160593792173,4.766801075268817,98.24193548387096,680.3812920592194,5.3944669365722,,,31.823357664233576,0.0
MLO,1993,4,359.67,1746.74,,,150.77513966480447,3.9066666666666663,97.57777777777778,681.6695833333332,8.164838255977497,,,22.39255014326648,0.0
MLO,1993,5,360.59,1749.71,,,184.91374663072776,4.784677419354839,98.82795698924733,680.8227150537634,7.647138964577657,,,25.604365620736697,0.0
MLO,1993,6,359.8,1745.53,,,126.6030855539972,4.1251388888888885,97.72916666666669,681.9175,10.843459915611817,,,18.331926863572438,0.0
MLO,1993,7,357.86,1731.91,,,178.5922480620155,-9.984408602150538,84.03091397849462,681.6097026604068,8.50197628458498,,,43.13319672131148,0.0646153846153846
MLO,1993,8,355.65,1732.1,,,158.79382889200562,-0.833198924731183,93.5537634408602,682.2453665283541,7.560450160771705,,,52.22105263157895,0.0
MLO,1993,9,353.95,1744.48,,,189.27144866385373,2.051527777777778,96.06388888888888,681.7008391608391,7.3144796380090495,,,54.22146507666099,0.0489510489510489
MLO,1993,10,354.31,1760.23,,,195.73304473304472,-2.7571236559139773,91.502688172043,680.3579022988505,7.198546511627907,,,42.5,0.0474137931034482
MLO,1993,11,355.52,1768.14,,,202.018,-27.94125,61.85416666666666,679.1254108216433,7.02375249500998,7.611400000000001,8.399600798403194,18.304535637149023,0.0220883534136546
MLO,1993,12,357.02,1763.5,,,170.15994623655914,5.344220430107527,94.35887096774194,679.6011320754717,6.525606469002695,7.115094339622642,7.65822102425876,23.96725784447476,0.0175202156334231
MLO,1994,1,358.41,1759.92,,,230.1438172043011,3.957930107526881,92.9758064516129,678.0582795698924,5.231586021505376,5.939381720430107,6.605510752688172,28.290633608815423,0.0900537634408602
MLO,1994,2,358.99,1752.22,,,194.91666666666663,4.550595238095238,91.5327380952381,677.7854315476189,5.160587326120556,5.1497681607418855,5.577434312210201,47.17274167987322,0.175595238095238
MLO,1994,3,359.82,1754.6,,,192.5766129032258,4.7447580645161285,93.5524193548387,679.0616576086957,6.483016304347826,6.35217391304348,6.741336971350614,32.81388888888889,0.1168478260869565
MLO,1994,4,361.17,1763.79,,,175.48611111111111,4.009861111111111,93.40416666666668,679.6954861111111,7.595833333333333,7.402638888888888,7.626666666666666,25.08189655172414,0.0
MLO,1994,5,361.86,1755.26,,,171.55047106325708,4.103763440860216,93.58602150537637,680.2531451612904,8.463037634408602,8.059543010752689,8.099596774193548,30.904558404558404,0.0013440860215053
MLO,1994,6,360.97,1746.61,,,167.50696378830082,3.103611111111111,92.24166666666666,680.4972144846797,9.22284122562674,8.84317548746518,8.976044568245127,34.277227722772274,0.0125348189415041
MLO,1994,7,359.06,1737.41,,,163.9684499314129,3.458467741935484,91.29435483870968,680.6833557951483,9.389892183288408,8.65075034106412,8.97524204702628,45.6207906295754,0.0686406460296096
MLO,1994,8,357.07,1734.08,,,165.78581979320532,-5.245967741935483,84.29569892473118,680.9252289512556,9.275923190546528,8.843644716692191,9.283460949464011,46.93591654247392,0.0768094534711964
MLO,1994,9,355.45,1757.16,,,183.7012987012987,-0.1473611111111119,88.7375,680.0195093795094,8.490909090909092,8.217052023121386,8.802020202020202,53.85294117647059,0.1226551226551226
MLO,1994,10,355.68,1778.63,,,164.7861111111111,-0.1224462365591393,89.61693548387096,679.5805779569893,8.480376344086022,8.48010752688172,9.09247311827957,34.272340425531915,0.0120967741935483
MLO,1994,11,357.61,1781.25,,,166.61322081575247,3.7816666666666663,93.14305555555556,679.7816363636364,6.471608391608392,6.252380952380952,7.057983193277311,48.00429799426934,0.082058414464534
MLO,1994,12,359.67,1779.28,,,159.85616438356163,4.293548387096774,94.15994623655914,680.244506849315,8.03986301369863,8.084383561643836,9.05972602739726,12.699582753824757,0.0
MLO,1995,1,360.35,1764.57,,,196.9811827956989,5.439784946236559,94.6787634408602,679.9776075268818,7.607133243606999,7.514266487213998,8.352893674293405,29.1900269541779,0.0309139784946236
MLO,1995,2,360.74,1757.22,,,253.00597907324365,6.798511904761905,97.53571428571428,677.434379671151,5.925859491778774,5.357100149476831,6.065056360708534,30.52102102102102,0.0792227204783258
MLO,1995,3,361.96,1764.77,,,214.8978494623656,6.687768817204302,96.98252688172045,678.7247983870968,7.678629032258064,7.11008064516129,7.595161290322581,25.897018970189706,0.0174731182795698
MLO,1995,4,363.07,1762.94,,,209.3727399165508,6.342777777777778,94.62222222222222,678.4352433936023,7.687065368567454,6.960778859527121,7.303448275862069,32.29526462395543,0.0723226703755215
MLO,1995,5,363.77,1762.32,,,203.744623655914,4.816801075268817,94.70295698924733,680.2528763440861,8.55510752688172,7.89475806451613,8.146153846153846,36.68682795698925,0.010752688172043
MLO,1995,6,363.42,1759.17,,,152.15555555555557,4.337916666666667,94.575,681.1105694444444,10.894722222222224,10.230555555555556,10.435972222222222,22.707927677329625,0.0222222222222222
MLO,1995,7,361.5,1749.36,,,155.6451612903226,3.9049731182795697,94.0712365591398,680.7097849462366,9.871370967741935,9.303360215053765,9.570698924731182,36.30694444444445,0.0403225806451612
MLO,1995,8,359.31,1751.27,,,153.53897849462365,3.868951612903226,93.04569892473118,680.4108198924731,9.249059139784944,8.806527777777777,9.20375,34.998652291105124,0.0161290322580645
MLO,1995,9,358.18,1761.45,,,166.7513888888889,3.467777777777778,92.53472222222224,680.9122361111112,10.311527777777778,10.049861111111111,10.462361111111113,28.745689655172413,0.0416666666666666
MLO,1995,10,358.23,1768.92,,,175.94086021505376,4.262096774193548,93.76075268817203,680.1488306451613,8.677284946236558,8.418817204301076,9.01733870967742,29.64199192462988,0.043010752688172
MLO,1995,11,359.59,1768.42,,,180.04279600570612,0.9304166666666664,89.96388888888889,680.350413105413,7.251355206847361,7.223395149786021,7.876462196861626,50.205420827389446,0.3111739745403111
MLO,1995,12,361.15,1772.89,,,183.94623655913975,4.1255376344086025,94.18010752688171,680.7807795698924,7.208870967741935,7.147580645161289,7.931317204301075,32.513440860215056,0.0658602150537634
MLO,1996,1,362.23,1771.35,,,202.18417462482947,3.4850806451612906,90.08467741935485,678.1139427012279,5.4537517053206,5.120054570259208,5.927434842249657,50.452991452991455,0.1094391244870041
MLO,1996,2,363.34,1770.58,,,222.6551724137931,6.107758620689655,94.67816091954025,677.5221264367816,5.361063218390804,4.979166666666667,5.532327586206897,47.05555555555556,0.2011494252873563
MLO,1996,3,364.31,1769.83,,,211.9422043010753,6.713306451612905,95.8010752688172,677.3366263440861,5.244086021505376,4.725,5.557282913165266,34.70170454545455,0.2540322580645161
MLO,1996,4,364.94,1759.09,,,181.75694444444449,4.411111111111111,93.52361111111112,680.4509999999999,8.41375,7.829305555555556,8.286388888888888,33.1062874251497,0.0027777777777777
MLO,1996,5,365.49,1755.14,,,183.2723279648609,-1.962365591397848,87.48521505376344,681.2090288315629,10.062225475841874,9.125036603221083,9.299560761347,29.728486646884274,0.0035971223021582
MLO,1996,6,365.26,1753.72,,,164.65217391304347,-0.4881944444444442,87.81805555555556,681.191599423631,8.294708994708996,8.06613832853026,8.470707070707071,43.97383177570094,0.0287769784172661
MLO,1996,7,363.66,1747.17,,,156.41988130563797,-5.8254032258064505,82.39112903225806,680.9108902077152,8.290994623655914,8.193175074183978,8.556231454005934,42.37066246056782,0.0994065281899109
MLO,1996,8,361.27,1745.69,,,151.3548387096774,4.763306451612903,94.65456989247312,680.9894892473118,8.95497311827957,8.818817204301075,9.142741935483873,39.99591836734694,0.0013440860215053
MLO,1996,9,359.43,1767.13,,,189.7816411682893,2.894166666666667,91.59305555555557,680.0916388888888,8.700694444444444,8.878888888888888,9.305555555555555,46.43002915451895,0.0097222222222222
MLO,1996,10,359.52,1774.68,,,147.3205317577548,-5.019758064516129,83.69489247311827,680.4737961595273,8.08252688172043,8.437278106508876,8.924852071005919,35.68986384266263,0.0635155096011816
MLO,1996,11,361.06,1770.04,,,196.11111111111111,3.772222222222222,90.84444444444443,679.0309444444445,6.45875,6.8240277777777765,7.567454798331015,59.49010654490107,0.0972222222222222
MLO,1996,12,362.16,1773.01,,,200.2997311827957,7.765053763440862,96.3037634408602,677.0304838709677,5.401881720430108,5.8125,6.559139784946237,40.17482517482517,0.1666666666666666
MLO,1997,1,363.21,1769.98,,,227.68682795698925,7.053897849462366,95.86827956989248,677.8670295698925,5.946370967741936,6.326494565217391,7.132930107526882,32.59294436906377,0.1236559139784946
MLO,1997,2,364.04,1768.77,,,162.3235294117647,1.2124999999999997,91.82738095238096,678.2463157894737,5.171362229102167,5.341455696202532,6.1000000000000005,30.580847723704867,0.0108359133126934
MLO,1997,3,365.06,1775.55,,,185.739247311828,4.873387096774194,93.59005376344086,678.2115188172043,4.1557795698924735,4.232795698924731,4.833870967741935,64.39557399723375,0.0994623655913978
MLO,1997,4,366.71,1780.62,,,161.62626262626262,-0.4679166666666665,88.95972222222223,679.5890401146131,6.448132183908045,7.689111747851003,7.210071942446043,41.04005934718101,0.0414878397711015
MLO,1997,5,366.82,1776.72,313.05,4.11,244.1010781671159,6.011424731182796,95.65456989247312,678.4357123655915,7.580997304582209,7.490566037735849,7.542318059299192,43.8248974008208,0.0013440860215053
MLO,1997,6,365.64,1768.18,313.16,4.09,127.19971264367815,2.7726388888888884,93.60833333333332,680.7259027777778,8.554722222222221,8.412777777777778,8.319396551724138,43.53781512605042,0.0277777777777777
MLO,1997,7,364.24,1751.51,313.31,4.03,158.09583333333333,1.623521505376344,89.63037634408602,680.3613728129205,8.969354838709679,9.006527777777778,9.135694444444445,42.39064649243466,0.0900537634408602
MLO,1997,8,362.3,1750.42,313.38,4.04,165.77408637873754,-58.07419354838709,32.77284946236559,681.4726158940397,9.129372937293727,9.549,9.680333333333332,40.656462585034014,0.0231023102310231
MLO,1997,9,360.64,1775.65,313.36,4.11,183.5361111111111,-48.30694444444445,42.27777777777778,681.3152234636872,7.714958448753464,7.813055555555555,8.68125,46.266862170087975,0.0195530726256983
MLO,1997,10,360.85,1784.9,313.31,4.15,166.65587044534414,4.011559139784946,95.1747311827957,680.6832661290323,8.170698924731182,8.266263440860214,8.455241935483873,34.310810810810814,0.043010752688172
MLO,1997,11,362.67,1784.15,313.42,4.15,203.0997191011236,2.5184722222222224,91.32916666666668,680.3350280898877,6.084166666666667,6.501666666666666,6.782638888888889,48.49925925925926,0.0736111111111111
MLO,1997,12,364.3,1783.2,313.67,4.14,179.57083906464925,2.045698924731183,90.90725806451611,680.092604588394,6.51093117408907,7.090283400809716,7.501889338731445,15.380434782608695,0.0
MLO,1998,1,365.41,1772.28,313.86,4.14,235.786036036036,-37.24650537634408,54.174731182795696,679.6576260504203,7.161554621848739,7.723529411764706,8.450840336134453,16.63169164882227,0.0172043010752688
MLO,1998,2,366.2,1766.23,313.88,4.15,223.0871710526316,-6.456994047619048,84.30952380952381,682.0473158756138,7.863993453355155,8.42733224222586,8.776721311475411,20.410299003322255,0.0
MLO,1998,3,367.27,1774.56,313.89,4.19,179.543321299639,-21.96693548387097,68.85215053763442,680.9266719745223,7.31485623003195,7.294657762938231,7.229581993569132,25.38671209540034,0.0
MLO,1998,4,368.81,1780.38,313.89,4.23,194.50075187969924,-3.2597222222222224,87.06527777777778,680.9744705882354,7.0375,6.790412979351033,6.727728613569321,23.473604826546,0.0014705882352941
MLO,1998,5,369.56,1781.3,313.84,4.27,189.2388059701493,2.0045698924731186,91.0739247311828,681.0405376344086,8.281317204301073,7.948924731182796,7.801344086021507,28.96730245231608,0.0040322580645161
MLO,1998,6,369.14,1779.04,313.86,4.29,143.87482614742697,3.5801388888888885,93.38472222222222,681.5091666666666,10.200833333333334,9.74625,9.501944444444446,26.99165507649513,0.0
MLO,1998,7,367.89,1762.52,314.01,4.28,136.41540577716643,2.111021505376344,92.52822580645162,682.100685483871,9.080510752688172,8.593817204301075,8.374327956989248,32.45333333333333,0.0067204301075268
MLO,1998,8,365.89,1757.31,314.12,4.29,170.8236877523553,2.936693548387097,92.27016129032258,681.5821236559141,8.55725806451613,8.496774193548388,8.440860215053764,41.16054421768708,0.0228494623655914
MLO,1998,9,364.29,1771.11,314.21,4.33,166.13986013986013,2.4444444444444446,93.33611111111112,680.547625,8.469722222222222,8.430277777777778,8.494583333333333,37.52727272727272,0.0041666666666666
MLO,1998,10,364.29,1787.42,314.35,4.35,166.65182829888712,-11.787768817204302,79.0,681.4228057553958,8.058692628650904,8.036300417246176,8.11410071942446,38.69901547116737,0.019471488178025
MLO,1998,11,365.76,1798.47,314.41,4.37,151.22857142857143,1.9234722222222216,92.25138888888888,680.8517663421418,6.967593880389431,6.966203059805284,7.085674547983309,42.22841225626741,0.0197461212976022
MLO,1998,12,367.68,1802.99,314.4,4.39,181.8709677419355,-3.8990591397849466,85.05510752688173,680.3727822580645,6.127150537634409,6.293010752688172,6.55241935483871,31.676795580110497,0.0
MLO,1999,1,368.52,1796.38,314.44,4.39,189.71818181818185,-22.522446236559137,67.38575268817205,679.3112251148544,5.116993464052287,5.13251633986928,5.3315359477124185,39.36541889483066,0.0122511485451761
MLO,1999,2,368.79,1784.86,314.44,4.4,177.9855072463768,-89.39791666666666,1.3511904761904765,679.7248103448276,3.757068965517241,3.4786206896551723,3.6072413793103446,48.997991967871485,0.0448275862068965
MLO,1999,3,369.92,1788.09,314.4,4.43,159.2698145025295,-16.825000000000003,72.93413978494624,678.9571469329529,4.797860199714694,4.321825962910128,4.113837375178317,38.46325878594249,0.0042796005706134
MLO,1999,4,371.06,1788.4,314.51,4.43,183.76530612244895,-1.490555555555556,87.84444444444445,679.1472083333333,4.065972222222222,3.636944444444445,3.4252777777777776,44.32753623188406,0.0138888888888888
MLO,1999,5,371.07,1773.35,314.67,4.4,163.86919831223628,-0.9081989247311832,88.5524193548387,680.4051075268818,7.53991935483871,6.955107526881721,6.7182795698924735,36.47448275862069,0.0147849462365591
MLO,1999,6,370.59,1771.13,314.65,4.4,147.68788501026694,-29.78458333333333,61.55833333333333,680.9182398753894,9.434244372990356,8.770059880239522,8.619760479041917,28.65313028764805,0.0046728971962616
MLO,1999,7,369.31,1766.99,314.56,4.43,153.8470906630582,3.7836021505376345,93.622311827957,680.5741397849462,9.085349462365592,8.71975806451613,8.715456989247311,25.83676268861454,0.0013440860215053
MLO,1999,8,367.11,1768.75,314.63,4.45,150.72274562584118,4.964381720430108,94.83198924731182,681.1982661290323,9.019623655913978,8.709946236559139,8.708333333333334,37.00831024930748,0.0
MLO,1999,9,365.27,1785.83,314.83,4.47,182.42727272727276,-4.998055555555556,85.86944444444444,680.0894444444444,7.81875,7.85,8.073055555555555,38.256699576868826,0.0
MLO,1999,10,365.58,1794.49,315.11,4.49,146.69063772048847,3.49516129032258,92.44086021505376,680.4429973118279,8.18736559139785,8.236290322580643,8.544623655913979,35.09279778393352,0.0080645161290322
MLO,1999,11,366.97,1796.6,315.33,4.49,136.26481481481483,-21.63888888888889,69.31944444444444,680.1171805555556,6.563055555555555,6.679583333333333,6.983055555555556,31.561327561327563,0.0
MLO,1999,12,368.51,1801.84,315.56,4.49,182.63049853372436,-3.351209677419356,86.28629032258064,678.6388413793104,4.675310344827586,5.046563814866761,5.510896551724137,54.0781954887218,0.0537931034482758
MLO,2000,1,369.76,1802.11,315.85,4.49,183.9235993208829,-17.34650537634409,72.34946236559139,678.2771114369501,3.3379727685325267,3.574411764705882,3.964626865671642,44.51541095890411,0.0075187969924812
MLO,2000,2,370.28,1793.95,315.99,4.51,166.27027027027026,0.7922413793103443,90.74281609195404,680.8835251798562,5.978273381294963,6.211654676258993,6.478848920863309,29.411229135053112,0.0100719424460431
MLO,2000,3,371.0,1791.85,315.93,4.56,165.53246753246754,-1.137634408602151,88.28897849462365,679.6830206896552,5.162096774193549,4.900537634408602,5.082123655913978,28.729496402877697,0.0
MLO,2000,4,371.96,1786.88,315.86,4.59,175.21951219512195,1.8418055555555557,91.15,679.9844027777779,6.827638888888888,6.484626436781608,6.441944444444445,21.83963691376702,0.0
MLO,2000,5,372.05,1773.99,315.85,4.59,141.6733870967742,4.666801075268817,95.22043010752688,680.7978085991679,8.590291262135922,8.082246879334258,7.957030015797788,29.11251758087201,0.0
MLO,2000,6,371.52,1772.28,315.88,4.61,133.10833333333332,3.976111111111112,93.34444444444443,680.1405710102489,8.79795321637427,8.511257309941522,8.53601756954612,33.162974683544306,0.0029282576866764
MLO,2000,7,370.2,1769.45,316.03,4.65,187.93279569892476,4.075,92.86021505376344,680.7440863787375,8.317685950413223,8.012020033388982,7.90249169435216,46.59756097560975,0.0
MLO,2000,8,368.23,1762.16,316.22,4.68,162.31048387096774,3.818010752688173,92.89516129032258,680.4984946236559,8.135887096774194,8.215591397849462,8.359543010752688,45.25232198142415,0.0403225806451612
MLO,2000,9,367.01,1773.82,316.32,4.71,175.64183381088824,-0.2851388888888888,90.20833333333331,680.2930158730159,8.27878787878788,8.647763347763346,8.915440115440115,51.58920539730135,0.0476190476190476
MLO,2000,10,367.26,1796.99,316.3,4.74,175.8763440860215,3.8454301075268815,93.78494623655914,680.0546370967742,6.868951612903226,7.226478494623656,7.498924731182797,50.73050615595075,0.0631720430107526
MLO,2000,11,368.51,1798.8,316.36,4.75,163.88611111111112,4.326388888888889,93.99444444444444,679.6535694444444,4.982083333333334,5.569583333333332,5.934128166915052,50.35663338088445,0.1236111111111111
MLO,2000,12,369.75,1790.71,316.57,4.73,173.03494623655914,3.882526881720431,95.22715053763442,679.8428225806452,6.18010752688172,7.077822580645161,7.656048387096774,29.822646657571624,0.0
MLO,2001,1,370.88,1789.21,316.7,4.73,163.08467741935485,5.079569892473118,95.6263440860215,680.707200538358,6.322207267833108,6.739300134589501,7.237012113055182,25.94029850746269,0.0
MLO,2001,2,371.98,1793.45,316.69,4.75,173.51785714285714,4.221726190476191,92.68154761904762,678.1832105263157,4.055438596491228,4.372280701754385,4.628771929824562,48.583636363636366,0.0649122807017543
MLO,2001,3,373.0,1800.97,316.71,4.79,164.0739247311828,4.171102150537634,93.4502688172043,679.2993026706232,4.876112759643917,5.037537091988131,5.310979228486647,28.581709145427286,0.0014836795252225
MLO,2001,4,373.86,1797.34,316.78,4.81,204.60972222222225,3.1126388888888887,90.175,680.2191111111111,5.630694444444444,5.709305555555555,5.895416666666667,38.05367231638418,0.0069444444444444
MLO,2001,5,374.36,1783.26,316.77,4.82,164.20592193808884,2.893951612903226,93.51209677419357,680.54197586727,6.910210210210211,6.989323308270676,7.05593984962406,38.96366508688784,0.0135338345864661
MLO,2001,6,373.54,1773.29,316.69,4.83,179.81741573033707,2.1794444444444445,89.95,680.4653407290016,7.4292944785276065,7.291564417177915,7.338496932515337,46.76129032258064,0.0398089171974522
MLO,2001,7,371.51,1769.24,316.65,4.85,149.61021505376343,4.04516129032258,93.58736559139786,681.0413907284768,9.296498905908097,8.879767441860466,8.751270207852194,35.7612293144208,0.0
MLO,2001,8,369.57,1764.75,316.76,4.87,150.3239247311828,4.942741935483872,94.2002688172043,681.6491932457786,9.344840525328328,8.833771106941837,8.800375234521576,42.10687022900763,0.0112570356472795
MLO,2001,9,368.34,1779.84,316.91,4.9,162.65416666666667,3.4325,92.52361111111112,680.9621503759399,8.516240601503759,8.343157894736843,8.389692307692307,44.954407294832826,0.0285714285714285
MLO,2001,10,368.6,1790.89,317.06,4.92,198.9502688172043,4.063709677419355,94.1989247311828,680.4430736543909,7.860623229461757,7.643484419263455,7.867847025495751,42.56487341772152,0.0113314447592068
MLO,2001,11,370.29,1793.11,317.27,4.94,172.99166666666667,4.299444444444445,91.97361111111113,681.2664583333333,8.097777777777777,8.370668693009119,8.650555555555554,37.02361111111111,0.1979913916786226
MLO,2001,12,371.59,1795.99,317.34,4.94,165.8548387096774,7.400940860215054,96.68010752688171,679.4942452830189,6.911774193548386,7.740952380952381,7.1207874015748045,31.15695792880259,0.1776729559748427
MLO,2002,1,372.34,1787.42,317.32,4.94,214.31401617250677,4.278897849462366,93.26881720430109,679.317074829932,5.337687074829931,5.356598639455783,5.731020408163264,46.710777626193725,0.1414965986394558
MLO,2002,2,373.11,1782.97,317.38,4.94,172.6240487062405,2.0180059523809524,90.7157738095238,679.2185856573705,4.266600397614314,4.500627615062762,4.841928721174004,36.16771488469602,0.0616302186878727
MLO,2002,3,374.08,1786.07,317.44,4.97,209.08198924731184,4.403629032258064,94.14112903225806,679.2704722222222,4.413575268817205,4.325148809523809,4.772361111111112,49.68256130790191,0.0033333333333333
MLO,2002,4,374.96,1781.93,317.39,5.0,203.10416666666663,5.144861111111111,93.62777777777778,679.7051818181818,7.1404181184669,6.43752380952381,6.830181818181818,41.02678571428572,0.0695652173913043
MLO,2002,5,375.68,1778.42,317.37,5.02,183.15860215053763,3.347983870967742,91.55645161290325,680.732311827957,6.7048387096774205,6.557795698924731,6.744354838709677,65.0668485675307,0.2258064516129032
MLO,2002,6,375.72,1774.51,317.46,5.02,152.0986111111111,4.865694444444444,93.38194444444444,681.1520694444445,9.425833333333332,8.820833333333333,8.75375,29.93758865248227,0.0
MLO,2002,7,374.04,1766.39,317.54,5.03,147.43145161290323,4.64489247311828,93.97311827956987,681.8190994623657,9.650537634408602,9.140591397849462,9.126478494623656,37.229485396383865,0.0443548387096774
MLO,2002,8,371.36,1766.17,317.51,5.05,180.63306451612905,2.896236559139785,90.36827956989248,681.3953763440861,8.82768817204301,8.53024193548387,8.613306451612901,45.40058055152394,0.0631720430107526
MLO,2002,9,369.89,1780.36,317.5,5.07,186.94444444444449,2.793055555555556,92.64305555555556,680.6667638888889,9.242916666666666,9.327638888888888,9.603611111111112,36.03244837758112,0.0347222222222222
MLO,2002,10,370.62,1795.44,317.66,5.1,178.0013440860215,3.531720430107528,92.53629032258064,680.1783064516129,7.727016129032258,7.767876344086022,8.068682795698924,36.11664295874822,0.0188172043010752
MLO,2002,11,372.57,1801.23,317.83,5.12,162.84027777777777,4.067916666666666,94.08055555555556,680.9966954022989,8.93361111111111,9.110277777777778,9.480694444444444,22.883333333333333,0.0
MLO,2002,12,373.82,1792.55,317.79,5.12,169.94220430107526,3.8948924731182792,94.53763440860214,681.1834027777778,6.794892473118279,7.245564516129032,7.832930107526883,22.538978494623656,0.0013440860215053
MLO,2003,1,374.8,1785.95,317.76,5.12,233.58333333333331,6.152150537634409,97.627688172043,679.0048194444444,7.523252688172042,7.698790322580645,8.20752688172043,17.83983849259758,0.0053763440860215
MLO,2003,2,375.94,1791.85,317.92,5.15,194.7008928571429,4.652380952380952,95.40625,678.805109034268,6.250375939849624,6.273984962406015,6.662105263157895,22.07132018209408,0.0465465465465465
MLO,2003,3,376.99,1796.83,318.01,5.2,202.36155913978496,4.546639784946236,95.18951612903226,680.0470967741936,6.732930107526882,6.493279569892473,6.753091397849461,33.24731182795699,0.0147849462365591
MLO,2003,4,378.26,1794.94,317.97,5.27,201.42361111111111,2.7941666666666665,90.15138888888887,680.2278448275862,5.983611111111112,5.996388888888889,6.256527777777778,44.2,0.025
MLO,2003,5,379.06,1786.99,317.96,5.32,201.0900537634409,3.385887096774194,92.20698924731182,681.5912500000001,7.952688172043012,7.594623655913978,7.793010752688172,38.28360215053763,0.0134408602150537
MLO,2003,6,378.44,1790.5,318.05,5.31,177.1125,3.794583333333333,93.9888888888889,681.0459583333334,9.595549374130735,9.167593880389427,9.198887343532684,32.903496503496505,0.0180555555555555
MLO,2003,7,376.7,1785.3,318.18,5.28,153.44354838709677,4.340456989247312,93.8212365591398,681.8095894428153,9.307448275862068,8.829241379310345,8.827172413793104,39.554482758620686,0.0386206896551724
MLO,2003,8,374.71,1773.13,318.31,5.3,164.622311827957,3.76747311827957,93.29704301075267,681.8083908045977,9.578494623655914,9.184139784946236,9.209005376344086,40.36827956989247,0.0080645161290322
MLO,2003,9,373.13,1788.17,318.4,5.35,198.23611111111111,3.3720833333333333,94.24444444444444,681.1254938271605,9.417083333333332,9.475416666666668,9.801527777777778,37.81805555555555,0.1125
MLO,2003,10,373.31,1806.06,318.46,5.38,168.7056451612903,4.534139784946236,93.89112903225806,681.0687083333333,9.016666666666666,8.906989247311829,9.173790322580643,31.941666666666663,0.0026881720430107
MLO,2003,11,375.03,1807.69,318.47,5.41,187.1375,5.92,95.15416666666668,679.8810682492581,8.1125,8.024583333333332,8.372777777777777,28.17489421720733,0.0194444444444444
MLO,2003,12,376.21,1794.48,318.51,5.41,183.30779569892476,5.699462365591398,94.90188172043013,679.9351558073654,6.350620689655172,6.481379310344828,6.9573793103448285,41.76,0.1710344827586206
MLO,2004,1,377.02,1789.81,318.62,5.4,216.7458333333333,3.3356182795698928,87.72311827956989,678.9338505747126,5.813709677419355,5.8388440860215045,6.42741935483871,41.685483870967744,0.1142473118279569
MLO,2004,2,377.99,1798.0,318.66,5.43,200.9712643678161,5.063936781609195,90.21120689655172,679.6622988505746,6.629741379310344,6.575287356321838,7.032758620689656,40.4207492795389,0.2112068965517241
MLO,2004,3,379.63,1806.85,318.59,5.48,188.2029569892473,4.489381720430108,89.38709677419355,678.6393675213676,4.879437869822485,4.705473372781065,4.6691666666666665,57.61842105263158,0.1042944785276073
MLO,2004,4,380.91,1805.5,318.58,5.5,172.81805555555556,3.833055555555556,93.82777777777778,679.8714265335235,5.428611111111111,5.339861111111111,5.474553571428571,47.342182890855455,0.0888888888888888
MLO,2004,5,380.94,1787.84,318.61,5.51,188.9005376344086,4.962903225806451,94.71370967741936,680.6468010752687,7.388172043010753,6.914247311827957,6.988037634408602,52.583333333333336,0.0954301075268817
MLO,2004,6,379.77,1779.75,318.55,5.53,183.0875,3.435277777777777,93.02916666666668,681.3689027777777,9.1425,8.667857142857143,8.823055555555555,38.99166666666667,0.0013888888888888
MLO,2004,7,377.51,1774.58,318.59,5.55,156.29737206085753,0.9447580645161284,91.41801075268818,681.2747184170472,9.05848787446505,8.675320970042796,8.761626248216833,35.907275320970044,0.028530670470756
MLO,2004,8,375.71,1769.87,318.78,5.56,147.3239247311828,4.766666666666667,94.66532258064515,681.6101480484522,9.765948855989231,9.48600269179004,9.598519515477792,39.57469717362046,0.0621546961325966
MLO,2004,9,374.39,1778.14,318.88,5.58,165.65972222222223,4.225555555555555,94.6,680.6770470756063,8.16375,7.912638888888889,8.057083333333335,40.725,0.0138888888888888
MLO,2004,10,374.71,1790.72,318.92,5.62,195.1034946236559,3.312365591397849,92.6975806451613,680.5112845303868,7.01505376344086,7.134543010752688,7.517607526881721,52.78360215053763,0.1194444444444444
MLO,2004,11,376.41,1800.58,319.06,5.65,191.3361111111111,3.417361111111111,93.16111111111113,680.4756527777778,6.600833333333334,6.987361111111111,7.561666666666666,52.27361111111111,0.0277777777777777
MLO,2004,12,377.77,1796.64,319.24,5.65,199.14112903225808,4.730510752688172,93.91935483870968,679.0949228395062,6.445430107526882,6.733870967741935,7.270564516129031,33.81720430107527,0.0067204301075268
MLO,2005,1,378.74,1788.51,319.27,5.63,227.5282258064516,7.615456989247312,95.8763440860215,678.1067335243553,5.393080054274084,5.75875169606513,6.6728629579375855,37.70175438596491,0.2055555555555555
MLO,2005,2,380.36,1796.19,319.23,5.66,171.80059523809524,4.421726190476191,93.9360119047619,677.9389249146758,3.8598214285714287,4.019494047619048,4.389732142857143,44.58184523809524,0.1041666666666666
MLO,2005,3,381.91,1802.73,319.32,5.71,222.1008064516129,6.68709677419355,96.90322580645162,679.3125390070923,6.678897849462366,6.318951612903226,6.550268817204301,38.428763440860216,0.0255376344086021
MLO,2005,4,382.31,1791.27,319.46,5.72,178.90555555555557,4.136527777777778,93.25694444444444,680.6127674750356,7.447916666666667,7.124861111111111,7.262361111111111,29.129166666666663,0.0152777777777777
MLO,2005,5,382.65,1780.96,319.41,5.73,161.29569892473117,4.070698924731183,92.6975806451613,681.060455801105,8.581022880215343,8.146837146702557,8.118707940780618,32.48048452220727,0.0
MLO,2005,6,382.4,1779.99,319.37,5.76,162.0125,4.3315277777777785,91.42361111111111,681.3851293759514,9.274583333333334,8.854722222222222,8.888302425106989,30.70833333333333,0.0138888888888888
MLO,2005,7,380.94,1771.3,319.49,5.76,166.40994623655914,4.615994623655914,93.11962365591398,681.9482916666666,8.85752688172043,8.296639784946237,8.220694444444444,40.831944444444446,0.0094086021505376
MLO,2005,8,378.79,1766.54,319.5,5.76,186.45698924731184,3.3006720430107523,92.83467741935485,681.4430172413793,9.098924731182796,8.959139784946236,9.1125,43.19220430107527,0.0886426592797784
MLO,2005,9,376.96,1787.19,319.42,5.81,172.65833333333333,4.024305555555555,93.32916666666668,681.1508763693271,8.976666666666665,8.859444444444446,9.02513888888889,44.43254520166899,0.0319888734353268
MLO,2005,10,377.22,1806.13,319.57,5.87,173.59543010752688,4.298118279569893,94.15456989247312,680.960044117647,8.22691790040377,8.27806191117093,8.62513812154696,34.058091286307054,0.0053835800807537
MLO,2005,11,378.83,1803.2,319.83,5.88,187.01666666666668,3.74875,93.79305555555555,680.4606891495602,6.5543055555555565,6.880890804597701,7.294166666666667,39.93194444444445,0.0083333333333333
MLO,2005,12,380.27,1798.28,320.02,5.87,176.8534946236559,4.7857526881720425,94.3763440860215,680.5150708215298,6.791397849462366,6.891263440860215,7.375268817204301,30.978171896316507,0.0120967741935483
MLO,2006,1,381.4,1794.48,320.1,5.86,184.125,6.133467741935484,94.14247311827955,679.8208189655173,5.801881720430108,5.784139784946236,6.198924731182796,31.47913862718708,0.0779569892473118
MLO,2006,2,382.1,1785.95,320.16,5.87,226.6056547619048,4.483333333333333,93.95386904761904,677.8320982142858,4.114880952380953,4.141369047619048,4.507738095238095,45.55187969924812,0.03125
MLO,2006,3,383.01,1786.12,320.25,5.91,213.8521505376344,4.0625,88.68951612903226,678.5403088235295,4.548521505376344,4.397095435684647,4.548924731182796,74.78091397849462,0.2325268817204301
MLO,2006,4,384.91,1800.63,320.28,5.97,191.16142857142856,1.1488888888888893,90.025,679.9168472222223,6.453749999999999,6.114835948644793,6.397083333333333,33.025,0.0083333333333333
MLO,2006,5,385.6,1798.44,320.23,5.99,183.2701612903226,4.9994623655913975,94.97043010752688,679.8544883040936,7.9116147308781875,7.471489361702127,7.570538243626061,41.06950354609929,0.0637393767705382
MLO,2006,6,384.24,1779.59,320.27,5.97,158.26527777777778,5.485694444444444,92.34027777777776,681.0940428571429,10.180694444444445,9.523055555555556,9.443888888888887,25.9221140472879,0.0027777777777777
MLO,2006,7,382.46,1765.35,320.35,5.95,174.93413978494624,4.814381720430108,92.26747311827955,681.4750518518518,9.573655913978495,8.995833333333334,8.896370967741936,34.064690026954175,0.0152777777777777
MLO,2006,8,380.23,1762.23,320.38,5.96,165.69220430107526,4.176881720430108,92.3736559139785,681.0673784977909,8.708882907133244,8.563282336578581,8.745491251682369,51.44198895027624,0.0497981157469717
MLO,2006,9,378.89,1775.45,320.48,6.02,184.125,3.473611111111111,92.97222222222224,680.8056666666666,9.048333333333332,8.870972222222223,9.023563218390803,43.59305555555556,0.0180555555555555
MLO,2006,10,379.31,1788.47,320.67,6.07,208.54896142433236,-6.34072580645161,83.22311827956989,680.0530934150077,7.889762611275965,7.90727002967359,8.149703264094954,57.961424332344215,0.0059347181008902
MLO,2006,11,380.59,1791.53,320.78,6.09,194.80555555555557,4.587361111111111,94.00416666666666,680.1717591125198,6.820416666666668,6.965571428571428,7.292361111111111,44.18,0.0100286532951289
MLO,2006,12,382.0,1794.53,320.88,6.12,176.3578231292517,3.9901881720430095,92.46908602150538,681.5325748502994,7.359183673469388,7.593741496598639,8.122585034013605,27.827210884353743,0.0163265306122449
MLO,2007,1,383.47,1799.2,321.08,6.15,194.73013698630135,3.294758064516129,90.86559139784946,679.6756406480118,6.810679611650485,,7.385774647887324,28.66265060240964,0.0166435506241331
MLO,2007,2,384.63,1802.71,321.22,6.18,180.57751937984497,-17.956398809523808,71.77380952380952,678.3106666666667,5.203505535055351,,7.612048192771084,26.02083333333333,0.0
MLO,2007,3,385.6,1802.55,321.19,6.22,198.7872928176796,2.095295698924731,90.94489247311829,678.9637254901961,7.171370967741935,,6.89946524064171,44.33408577878104,0.0180722891566265
MLO,2007,4,386.7,1801.63,321.07,6.25,172.41944444444445,5.444305555555555,96.16111111111113,680.0104722222222,7.4840277777777775,,7.009722222222222,22.94305555555556,0.0
MLO,2007,5,387.1,1795.34,321.15,6.27,168.8561827956989,4.685215053763441,94.51209677419357,680.7088440860215,8.361827956989247,,7.73212365591398,30.651881720430108,0.0
MLO,2007,6,386.53,1781.28,321.3,6.25,161.97916666666666,4.337222222222223,94.2625,680.6364861111111,9.214583333333334,,8.45486111111111,33.78611111111111,0.0
MLO,2007,7,384.75,1771.37,321.23,6.24,135.85752688172042,5.766532258064516,96.7258064516129,681.0945026881722,9.144489247311828,,8.391935483870968,38.20827389443652,0.0591397849462365
MLO,2007,8,381.86,1779.02,321.08,6.28,154.27822580645162,3.696102150537634,93.91129032258064,680.7780510752688,8.811290322580644,,8.608870967741936,43.892328398384926,0.0416666666666666
MLO,2007,9,380.53,1793.69,321.18,6.33,186.74305555555557,3.31,91.21944444444443,680.3731944444445,7.6994444444444445,,7.6913888888888895,53.13799621928166,0.0416666666666666
MLO,2007,10,381.37,1801.88,321.42,6.36,150.9744623655914,4.73024193548387,96.02822580645162,680.5326478494624,8.549193548387096,,8.465591397849462,27.497311827956988,0.0040322580645161
MLO,2007,11,382.86,1803.4,321.67,6.38,164.9111111111111,4.241111111111112,93.0625,678.8788333333333,6.003611111111112,,6.137083333333333,51.81944444444444,0.0486111111111111
MLO,2007,12,384.29,1805.05,321.87,6.43,172.08870967741936,6.276478494623656,94.03897849462363,678.8543682795699,4.029032258064516,,4.311424731182796,58.653225806451616,0.1968838526912181
MLO,2008,1,385.76,1809.46,321.93,6.45,167.4744623655914,3.901478494623656,94.56317204301077,678.5762634408603,3.842741935483872,4.316935483870968,4.638978494623656,39.18413978494624,0.0134408602150537
MLO,2008,2,385.94,1803.08,321.92,6.43,172.40231548480463,3.5216954022988505,93.58045977011494,679.1891715976332,4.155917159763313,4.337278106508876,4.293777777777778,51.12229102167183,0.0991124260355029
MLO,2008,3,385.8,1792.28,321.92,6.43,154.51478494623657,5.01505376344086,96.01612903225806,680.2692876344086,5.577822580645161,5.639381720430107,5.517338709677419,37.82258064516129,0.0134408602150537
MLO,2008,4,387.28,1792.09,321.97,6.49,171.05416666666667,4.417361111111111,93.49305555555556,679.3444950213371,5.489900426742532,5.4832147937411095,5.300711237553344,48.96728307254623,0.0881934566145092
MLO,2008,5,388.93,1796.1,322.06,6.55,145.05917159763314,-5.398387096774192,85.65456989247312,680.0137333333332,7.988148148148148,7.78162962962963,7.432,32.17333333333333,0.0
MLO,2008,6,388.69,1791.24,322.14,6.55,169.3486111111111,4.316527777777778,93.87222222222222,680.8536666666666,8.98875,8.548472222222223,8.179027777777778,33.00972222222222,0.0069444444444444
MLO,2008,7,386.88,1782.38,322.15,6.55,139.7002688172043,4.003629032258065,93.77284946236558,680.3458467741935,7.572237569060774,7.343010752688172,7.004704301075269,41.30567081604426,0.0268817204301075
MLO,2008,8,384.47,1779.48,322.11,6.57,157.72043010752688,5.3520161290322585,94.99193548387096,680.5018682795699,8.487074829931974,8.27002688172043,8.05994623655914,33.283378746594,0.0443548387096774
MLO,2008,9,383.0,1794.5,322.12,6.63,181.25694444444449,3.598888888888889,94.25694444444444,679.9330833333333,8.948265895953757,8.953333333333333,8.759861111111112,30.487518355359764,0.0013888888888888
MLO,2008,10,383.12,1813.67,322.24,6.67,158.73889636608345,4.1860215053763445,95.6236559139785,680.9259543010753,8.778360215053764,8.893279569892474,8.8122311827957,31.21370967741936,0.0067204301075268
MLO,2008,11,384.34,1811.98,322.36,6.7,158.14444444444445,5.025416666666667,94.46805555555557,680.565736111111,6.681666666666667,6.8575,6.777083333333334,36.26111111111111,0.0069444444444444
MLO,2008,12,385.88,1812.3,322.36,6.71,174.91532258064515,4.829704301075268,93.65591397849462,679.0284677419355,5.893817204301075,6.16008064516129,6.236290322580645,44.96339434276207,0.1209677419354838
MLO,2009,1,387.2,1816.17,322.4,6.74,196.19086021505376,5.719086021505376,94.36021505376344,678.577123655914,5.261424731182796,5.636290322580645,5.804704301075269,36.095435684647306,0.010752688172043
MLO,2009,2,387.95,1814.83,322.57,6.78,191.82886904761904,3.7767857142857135,93.24255952380952,678.8064136904762,4.073958333333333,4.279017857142857,4.300297619047619,41.17559523809524,0.0401785714285714
MLO,2009,3,388.63,1815.18,322.74,6.8,205.0497311827957,5.416935483870968,93.31317204301077,677.0907392473118,3.668721109399076,3.7013440860215057,3.511962365591397,45.59696458684655,0.189516129032258
MLO,2009,4,389.56,1807.02,322.85,6.81,231.20251396648044,4.720555555555555,93.7625,678.6663547486033,5.98953323903819,5.724022346368715,5.440921787709497,44.97159940209268,0.0558659217877094
MLO,2009,5,390.34,1802.81,322.88,6.85,197.80510752688173,4.272849462365591,94.24193548387096,679.541129032258,9.036065573770491,8.644709388971684,8.324590163934426,31.776315789473685,0.0026881720430107
MLO,2009,6,389.75,1806.17,322.81,6.88,142.71527777777777,5.381388888888889,96.45833333333331,680.7019027777777,10.00097222222222,9.612638888888888,9.127222222222224,27.243045387994144,0.0013888888888888
MLO,2009,7,387.92,1794.24,322.77,6.86,166.0739247311828,3.2178763440860214,92.63978494623656,680.6322311827957,9.090725806451612,9.174059139784946,8.595967741935484,41.09065155807365,0.0483870967741935
MLO,2009,8,386.06,1788.16,322.79,6.86,159.48924731182797,3.559811827956989,94.34543010752688,680.737379032258,9.333736559139783,9.626075268817203,9.06733870967742,41.52086811352254,0.0389784946236559
MLO,2009,9,384.64,1801.79,322.84,6.91,153.03472222222223,3.5101388888888887,94.16666666666669,680.5178472222221,10.435555555555556,10.624583333333334,10.15986111111111,25.50552922590837,0.0
MLO,2009,10,384.79,1811.51,323.04,6.95,174.0013440860215,3.859543010752688,94.9274193548387,680.3072580645162,8.671236559139784,9.14798387096774,8.76720430107527,39.75193798449613,0.0336021505376344
MLO,2009,11,386.19,1814.76,323.23,6.98,169.27517730496453,1.27,90.39444444444445,679.3363971631206,6.268510638297872,6.803829787234042,6.539148936170213,43.61201298701299,0.0297872340425531
MLO,2009,12,387.71,1815.46,323.26,6.99,208.93682795698925,3.665456989247312,94.40322580645162,678.803817204301,6.702284946236559,7.469220430107527,7.644354838709677,22.512307692307694,0.0080645161290322
MLO,2010,1,388.79,1810.92,323.33,7.01,219.28225806451613,4.809811827956989,96.4502688172043,679.6316532258064,8.96747311827957,9.465994623655911,9.598252688172044,17.247311827956988,0.0
MLO,2010,2,389.91,1817.98,323.44,7.05,197.36160714285717,3.5296130952380955,94.9672619047619,679.5364136904763,7.027380952380952,7.547619047619047,7.518601190476189,22.348214285714285,0.0014880952380952
MLO,2010,3,391.27,1821.15,323.43,7.09,191.57432432432432,4.828763440860215,94.96908602150538,679.5673252688172,6.554166666666665,6.581048387096774,6.173790322580645,28.498655913978496,0.0067204301075268
MLO,2010,4,392.79,1817.99,323.48,7.13,165.85097493036213,4.342361111111111,95.54027777777776,680.0629027777777,7.201805555555556,7.263055555555555,6.763611111111112,31.65277777777778,0.025
MLO,2010,5,393.57,1816.61,323.62,7.15,159.23924731182797,5.4756720430107535,94.97983870967742,680.9486155913979,9.78494623655914,9.430779569892474,8.859139784946237,24.170698924731184,0.0013440860215053
MLO,2010,6,392.45,1803.02,323.58,7.14,148.73055555555555,5.372638888888888,94.75138888888888,682.0741944444444,10.69625,10.295555555555554,9.752638888888889,23.477777777777774,0.0027777777777777
MLO,2010,7,390.27,1793.49,323.46,7.15,149.06854838709677,4.685215053763441,95.51881720430109,681.4350940860215,11.44677419354839,11.07956989247312,10.58494623655914,24.49462365591398,0.0013440860215053
MLO,2010,8,388.17,1800.69,323.49,7.2,129.1760752688172,5.356048387096775,96.20564516129032,681.3300403225807,10.679973118279571,9.824193548387097,9.87486559139785,25.45833333333333,0.0
MLO,2010,9,386.74,1810.5,323.6,7.26,133.1125,4.280694444444444,96.1125,680.7815416666667,9.905694444444444,9.035833333333333,9.531805555555556,29.64444444444445,0.0
MLO,2010,10,387.39,1826.33,323.75,7.29,142.65994623655914,4.936021505376344,95.48387096774194,680.9216129032258,7.963440860215054,7.855241935483871,7.819489247311828,39.04435483870968,0.0040322580645161
MLO,2010,11,388.74,1830.62,323.96,7.28,180.03207810320782,3.824027777777778,94.6763888888889,679.9976290097629,6.649930264993026,6.796652719665273,6.865132496513248,38.87726638772664,0.00418410041841
MLO,2010,12,390.23,1821.1,324.17,7.27,191.48655913978496,3.909274193548387,92.34139784946235,678.6814650537634,5.469086021505376,5.838844086021506,6.005510752688172,47.79838709677419,0.0672043010752688
MLO,2011,1,391.74,1823.73,324.35,7.3,177.30913978494624,6.117069892473118,96.48790322580643,677.363682795699,4.877747252747253,5.140760869565217,5.212754409769334,33.67307692307692,0.0403225806451612
MLO,2011,2,392.32,1819.8,324.5,7.32,127.77678571428572,3.127232142857143,93.49553571428572,678.9869506726458,5.958613445378152,6.350110864745012,5.890105263157895,46.58370044052864,0.0194319880418535
MLO,2011,3,392.82,1815.38,324.62,7.33,147.6989247311828,5.437231182795698,94.4274193548387,679.9794758064515,6.351873198847262,6.397406340057638,4.728695652173914,35.184438040345825,0.0470430107526881
MLO,2011,4,393.88,1815.97,324.66,7.37,144.05416666666667,3.770972222222222,92.98472222222222,679.8205,6.856805555555555,6.678389830508474,,45.09166666666667,0.0402777777777777
MLO,2011,5,394.46,1811.63,324.61,7.41,163.4529569892473,4.415591397849462,93.09005376344086,680.3460752688172,6.314784946236559,6.251682368775236,,49.39784946236559,0.053763440860215
MLO,2011,6,393.99,1810.19,324.6,7.43,156.60972222222222,4.608333333333333,92.92361111111111,680.7781944444445,8.403472222222222,8.028658536585365,,35.45,0.0263888888888888
MLO,2011,7,392.54,1803.07,324.62,7.42,141.22371967654988,5.346505376344086,95.30779569892474,680.2640780619112,9.309555854643335,8.970273972602742,6.79090909090909,29.12382234185733,0.0026917900403768
MLO,2011,8,390.15,1799.99,324.69,7.42,157.54301075268816,4.016666666666667,94.3239247311828,681.0497043010753,9.827150537634408,9.894489247311828,9.375403225806451,35.75501432664756,0.0470430107526881
MLO,2011,9,388.78,1813.01,324.92,7.46,158.20694444444445,3.661388888888889,94.23333333333332,680.9365694444444,9.2175,9.588333333333336,9.185416666666669,34.91784702549575,0.0166666666666666
MLO,2011,10,389.33,1823.82,325.11,7.5,160.7244623655914,4.446908602150538,95.46236559139786,680.1304301075269,8.71733870967742,9.12271505376344,8.715456989247311,25.473533619456365,0.0013440860215053
MLO,2011,11,390.64,1827.53,325.16,7.53,174.18776077885954,3.375138888888889,92.22638888888888,679.9747566063977,5.414742698191933,5.872461752433936,5.533518776077885,55.03846153846154,0.0250347705146036
MLO,2011,12,392.34,1831.73,325.19,7.55,152.67741935483872,5.230510752688172,94.83736559139786,678.8307258064516,4.84005376344086,5.39247311827957,5.117069892473118,29.69649805447471,0.0766129032258064
MLO,2012,1,393.18,1827.58,325.24,7.56,166.46702557200538,4.796908602150538,95.66532258064515,679.5494481830417,5.96164199192463,6.648228043143297,6.348990578734858,23.141802067946823,0.0
MLO,2012,2,393.42,1819.35,325.3,7.56,189.14798850574712,6.5314655172413785,95.51580459770116,678.9858045977012,5.089655172413793,5.581609195402298,5.277729885057472,28.4679186228482,0.0301724137931034
MLO,2012,3,394.82,1823.98,325.37,7.62,171.96236559139786,5.206586021505377,92.77284946236558,678.529005376344,5.188844086021505,5.424327956989248,4.956048387096774,32.44404973357016,0.0416666666666666
MLO,2012,4,396.73,1834.89,325.38,7.68,156.63055555555556,4.084027777777778,93.0111111111111,679.7875972222222,6.510000000000001,6.619583333333333,6.0663888888888895,27.33390119250426,0.0138888888888888
MLO,2012,5,397.15,1829.66,325.37,7.71,161.3951612903226,7.188172043010753,97.83870967741936,679.6118951612904,7.648118279569892,7.438575268817204,6.72741935483871,22.7056338028169,0.0
MLO,2012,6,396.04,1813.95,325.44,7.72,138.01388888888889,6.433333333333334,96.38333333333334,680.5589305555557,8.80125,8.58763888888889,7.807777777777778,24.335338345864663,0.0
MLO,2012,7,394.46,1803.9,325.54,7.71,144.11827956989248,5.210618279569892,95.33870967741936,680.1560349462366,9.819354838709678,9.731182795698924,9.024327956989248,25.763392857142858,0.0255376344086021
MLO,2012,8,392.41,1804.06,325.59,7.73,149.94623655913978,5.079569892473119,94.43413978494624,680.7790456989247,9.276075268817204,9.328091397849462,8.733198924731182,32.5607476635514,0.0241935483870967
MLO,2012,9,391.05,1815.71,325.66,7.78,142.3486111111111,3.1752777777777776,93.85,680.4654722222223,9.089170182841068,9.479606188466947,9.009704641350211,28.03307086614173,0.0013888888888888
MLO,2012,10,391.31,1828.92,325.75,7.83,167.29166666666666,4.7875000000000005,94.5255376344086,680.8109139784947,9.524283765347883,9.833287858117323,9.44256480218281,30.785185185185185,0.0268817204301075
MLO,2012,11,393.26,1836.54,325.92,7.87,185.07083333333333,3.530972222222222,93.1763888888889,679.5968611111111,6.956666666666665,7.546249999999999,7.365138888888889,30.934640522875817,0.0375
MLO,2012,12,394.84,1836.16,326.11,7.89,187.01209677419357,5.055779569892473,93.84005376344086,679.57938172043,7.145161290322581,7.653763440860215,7.451209677419356,26.117910447761197,0.0026881720430107
MLO,2013,1,395.85,1833.35,326.07,7.91,189.20833333333331,4.772177419354839,94.247311827957,678.1133467741936,5.307661290322581,5.705913978494625,5.403225806451614,34.67789165446559,0.0147849462365591
MLO,2013,2,397.0,1837.04,325.87,7.93,148.5625,5.165625,96.58928571428572,679.1444047619049,4.230357142857143,4.566964285714286,4.183731343283582,36.46337579617835,0.0386904761904761
MLO,2013,3,397.94,1838.71,325.91,7.95,208.3010752688172,5.373790322580645,94.18817204301077,677.9664919354839,4.910752688172043,5.020255474452555,4.701344086021505,38.0196671709531,0.0295698924731182
MLO,2013,4,398.9,1830.33,326.21,7.98,211.6780303030303,-61.08138888888889,29.136111111111116,679.4949861111111,6.635277777777778,6.553611111111112,5.211091854419411,33.9072,0.0027777777777777
MLO,2013,5,399.81,1825.3,326.28,8.02,197.70025839793283,-46.333333333333336,43.818548387096776,680.0706989247312,7.319489247311828,7.395564516129032,6.424786324786324,44.52389705882353,0.0483870967741935
MLO,2013,6,399.35,1814.72,326.27,8.03,143.09444444444443,5.593472222222222,96.08055555555556,680.8283194444444,10.24125,10.038611111111113,8.831718061674009,21.45272206303725,0.0013888888888888
MLO,2013,7,397.39,1804.77,326.47,8.02,178.48252688172042,4.20255376344086,94.51747311827955,680.8213953488372,10.058736559139788,9.98508064516129,8.670401691331925,38.58736559139785,0.021505376344086
MLO,2013,8,395.21,1813.71,326.7,8.08,155.88440860215053,4.163844086021505,94.0241935483871,680.9196565934066,9.907930107526882,9.890591397849462,8.853372434017595,32.32392473118279,0.0
MLO,2013,9,393.92,1838.07,326.74,8.15,146.79305555555555,4.433333333333334,94.20972222222224,680.2930555555556,9.715833333333332,9.88111111111111,9.4375,29.33194444444445,0.0027777777777777
MLO,2013,10,394.06,1844.51,326.73,8.17,204.130376344086,3.39247311827957,92.48790322580643,680.0862231182796,7.614247311827957,8.060887096774193,7.879569892473119,49.83736559139785,0.0577956989247311
MLO,2013,11,395.64,1840.5,326.85,8.19,205.17777777777775,4.543888888888889,94.575,679.5556805555555,7.621527777777778,7.971527777777778,7.8190277777777775,39.77638888888889,0.0125
MLO,2013,12,397.24,1848.0,327.07,8.22,175.83198924731184,3.9233870967741935,93.34543010752688,678.8112365591397,5.600672043010753,6.0737903225806456,5.901075268817204,45.708333333333336,0.0228494623655914
MLO,2014,1,398.12,1840.74,327.19,8.21,224.375,4.933198924731183,92.71639784946235,676.6817741935483,4.689112903225806,5.276881720430108,5.199193548387097,47.043010752688176,0.0604838709677419
MLO,2014,2,398.55,1831.11,327.12,8.21,225.16517857142856,3.4742559523809526,90.85565476190476,678.2370833333333,6.049553571428572,6.520833333333333,6.415327380952381,52.520833333333336,0.0327380952380952
MLO,2014,3,399.98,1846.96,327.1,8.28,200.75940860215053,4.207123655913979,93.01075268817203,678.5856451612902,4.8594086021505385,5.213440860215053,5.025537634408602,54.39247311827957,0.1276881720430107
MLO,2014,4,401.86,1855.53,327.26,8.35,177.6236111111111,5.321944444444444,95.18055555555556,679.8220138888888,7.76361111111111,7.830416666666666,7.369305555555555,31.136111111111116,0.0236111111111111
MLO,2014,5,402.45,1844.28,327.43,8.38,168.74556213017752,2.965828402366864,92.34218289085544,680.504275147929,9.120414201183433,9.276479289940829,8.897337278106509,38.5207100591716,0.0177514792899408
MLO,2014,6,401.6,1831.43,327.43,8.36,167.55833333333334,3.383472222222222,93.50555555555556,680.0488333333333,9.1325,9.17361111111111,8.655416666666666,35.727777777777774,0.0097222222222222
MLO,2014,7,399.17,1818.93,327.49,8.37,161.6989247311828,3.928629032258065,93.23521505376344,681.3042473118279,10.053629032258064,10.048790322580643,9.546370967741936,40.094086021505376,0.0362903225806451
MLO,2014,8,396.74,1824.36,327.74,8.44,146.62990936555892,4.724773413897282,95.1144578313253,680.2513333333334,9.915151515151516,10.13121212121212,9.744242424242424,36.41818181818182,0.0727272727272727
MLO,2014,9,395.56,1840.96,327.99,8.5,165.31944444444446,3.9175,94.1875,680.7141805555555,9.040138888888889,9.400972222222222,9.01388888888889,50.32083333333333,0.0694444444444444
MLO,2014,10,395.89,1844.05,328.18,8.51,170.2728494623656,4.905510752688172,94.02284946236558,680.6575403225806,8.310752688172043,8.866397849462365,8.591801075268815,48.831989247311824,0.1948924731182795
MLO,2014,11,397.73,1854.85,328.32,8.56,191.94729136163983,5.060322108345535,95.16544655929722,680.1058883994126,8.255800293685757,8.828046989720999,8.76798825256975,35.13215859030837,0.0176211453744493
MLO,2014,12,399.49,1863.8,328.38,8.6,196.17250673854448,5.9284366576819405,95.73387096774194,679.1855525606469,7.561185983827492,8.269137466307278,8.174258760107815,23.71293800539084,0.0014619883040935
MLO,2015,1,400.29,1853.44,328.45,8.57,213.34408602150535,5.411559139784946,95.68817204301077,678.7128360215054,7.492338709677419,8.568413978494624,8.825268817204302,27.922043010752688,0.0
MLO,2015,2,400.62,1848.78,328.62,8.57,223.1071428571429,8.532886904761904,96.70386904761904,677.8259226190477,7.233035714285715,7.441369047619048,6.980208333333333,31.28720238095238,0.09375
MLO,2015,3,401.82,1858.28,328.72,8.64,222.53069577080493,5.532878581173261,95.24420190995907,678.837904109589,6.016575342465754,6.5984931506849325,6.597123287671233,43.391780821917806,0.2273972602739726
MLO,2015,4,403.91,1866.25,328.57,8.7,191.64936886395512,4.055539971949509,93.35203366058906,679.6418284106892,7.223206751054853,7.298030942334739,6.930801687763713,40.31504922644163,0.0210970464135021
MLO,2015,5,404.37,1862.28,328.31,8.72,187.55241935483872,4.2299731182795695,94.2983870967742,679.3055913978495,8.545564516129032,8.518951612903226,8.088978494623655,31.11424731182796,0.0120967741935483
MLO,2015,6,403.13,1844.51,328.34,8.71,176.38611111111112,3.5590277777777777,94.31666666666666,680.3064722222223,9.6275,9.682916666666667,9.27125,36.90555555555556,0.0083333333333333
MLO,2015,7,401.16,1831.97,328.56,8.7,157.9811827956989,3.9615591397849457,94.71370967741936,680.7398924731183,9.76451612903226,9.88763440860215,9.444489247311829,46.009408602150536,0.043010752688172
MLO,2015,8,399.15,1827.63,328.64,8.7,170.1008064516129,3.292741935483871,90.39516129032258,680.5571908602151,9.398521505376344,9.780510752688173,9.450268817204302,67.03494623655914,0.2446236559139785
MLO,2015,9,397.89,1840.31,328.69,8.76,192.0458333333333,3.385277777777778,92.97777777777776,679.8384027777778,8.883611111111112,9.239305555555555,8.926388888888889,62.97916666666666,0.05
MLO,2015,10,398.46,1860.37,328.91,8.85,169.31989247311827,3.553494623655914,92.97177419354838,680.0037500000001,9.49287634408602,10.16706989247312,9.944354838709677,44.045698924731184,0.0470430107526881
MLO,2015,11,400.19,1866.23,329.17,8.87,177.7097222222222,5.190972222222222,94.1361111111111,680.446138888889,8.326944444444443,8.682916666666667,8.403611111111111,43.8125,0.0041666666666666
MLO,2015,12,401.76,1863.4,329.35,8.85,162.58602150537635,7.013575268817204,96.29704301075267,680.4473387096775,7.28010752688172,7.927150537634409,7.603629032258065,28.86021505376344,0.0
MLO,2016,1,402.95,1858.26,329.44,8.84,230.88172043010752,4.1090053763440855,95.01209677419357,681.2202016129032,8.725403225806451,9.593951612903226,9.849059139784949,15.278225806451612,0.0
MLO,2016,2,403.86,1858.43,329.39,8.88,184.691091954023,4.397557471264368,94.9080459770115,679.6907183908046,8.676436781609194,9.363362068965516,9.288218390804598,15.839080459770114,0.0
MLO,2016,3,405.46,1864.49,329.34,8.95,223.21102150537635,4.262096774193548,93.68145161290325,679.9683333333332,8.268145161290322,8.502956989247311,8.211962365591397,27.733695652173918,0.0053763440860215
MLO,2016,4,407.59,1873.34,329.41,9.05,177.85,4.17375,94.9625,681.0638333333333,9.47486111111111,9.562916666666666,9.17875,23.7375,0.0
MLO,2016,5,408.12,1870.82,329.57,9.09,184.61827956989248,3.375268817204301,93.89784946236558,680.6999193548387,8.80483870967742,8.715725806451612,8.26518817204301,38.266129032258064,0.0201612903225806
MLO,2016,6,406.82,1855.65,329.68,9.06,187.7763888888889,3.715416666666667,94.04305555555555,680.8510555555556,9.723611111111111,9.668888888888889,9.174722222222222,38.00694444444444,0.0083333333333333
MLO,2016,7,404.61,1835.73,329.65,9.03,147.54301075268816,4.956720430107527,94.99327956989248,681.0460215053763,9.174327956989249,9.268010752688172,8.716532258064515,44.26209677419355,0.0793010752688172
MLO,2016,8,401.91,1840.78,329.47,9.05,170.98790322580646,4.035887096774193,93.42069892473118,681.0890994623657,9.169489247311828,9.336693548387096,8.94502688172043,52.13575268817204,0.1236559139784946
MLO,2016,9,400.44,1863.09,329.45,9.12,173.95821727019498,3.6395543175487455,91.6625,680.7757242339833,8.757938718662954,9.08732590529248,8.822980501392758,49.909470752089135,0.0319444444444444
MLO,2016,10,401.69,1876.21,329.69,9.19,160.1505376344086,4.709139784946237,93.8225806451613,680.8907258064517,8.725403225806451,9.09260752688172,8.77271505376344,40.37768817204301,0.0188172043010752
MLO,2016,11,403.74,1874.38,329.88,9.23,163.87916666666666,5.760416666666667,96.31527777777778,681.057125,8.42375,8.917499999999999,8.64625,19.22083333333333,0.0
MLO,2016,12,404.9,1864.79,329.86,9.23,191.9379217273954,6.776145552560647,92.33512786002692,678.2810781671159,5.64433962264151,6.251886792452829,6.032210242587601,49.55929919137466,0.3086253369272237
MLO,2017,1,405.79,1870.51,329.86,9.22,192.91532258064515,5.547580645161292,95.9986559139785,679.9296231493943,6.206191117092867,6.864199192462989,6.73378196500673,29.1628532974428,0.0053835800807537
MLO,2017,2,406.51,1869.39,329.98,9.23,222.8556547619048,5.975446428571429,94.74255952380952,678.9270386904761,5.72514880952381,6.054464285714286,5.802083333333333,33.032738095238095,0.0104166666666666
MLO,2017,3,407.57,1862.71,330.07,9.27,194.71760797342196,5.517275747508306,94.13621262458472,680.4875747508306,7.32126245847176,7.479401993355481,7.225581395348837,38.4750830564784,0.0415282392026578
MLO,2017,4,409.22,1867.97,330.06,9.37,185.30277777777775,4.9575,93.34305555555557,680.131861111111,8.23875,8.43,8.068611111111112,31.93611111111111,0.0416666666666666
MLO,2017,5,410.0,1869.56,330.04,9.44,170.1021505376344,4.184005376344086,94.88709677419357,680.4262365591397,7.693010752688172,7.813172043010753,7.446505376344087,38.831989247311824,0.043010752688172
MLO,2017,6,408.94,1856.66,330.1,9.44,138.25833333333333,4.295138888888889,94.69305555555556,681.5299166666667,11.304583333333332,11.258055555555554,10.750555555555556,24.147222222222226,0.0069444444444444
MLO,2017,7,407.18,1839.52,330.3,9.4,156.70138888888889,4.8980555555555565,94.24583333333334,681.5561388888889,9.600138888888887,9.539583333333333,8.952361111111111,33.019444444444446,0.0013888888888888
MLO,2017,8,405.09,1839.54,330.48,9.4,144.32123655913978,4.05510752688172,94.21102150537637,681.6978360215054,10.109677419354838,10.300672043010753,9.889381720430109,33.62096774193548,0.0470430107526881
MLO,2017,9,403.32,1862.68,330.51,9.47,187.39166666666668,4.215416666666666,94.46944444444443,680.4722361111111,9.05,9.360694444444444,9.05652777777778,41.19166666666667,0.0305555555555555
MLO,2017,10,403.66,1882.7,330.52,9.54,180.33602150537635,3.959139784946237,92.18682795698923,679.7017069892474,9.00994623655914,9.53481182795699,9.303091397849462,42.494623655913976,0.0376344086021505
MLO,2017,11,405.46,1885.28,330.69,9.54,196.1833333333333,5.5375,95.53194444444443,678.9569861111112,6.6994444444444445,7.123611111111111,6.953749999999999,38.395833333333336,0.0666666666666666
MLO,2017,12,406.9,1879.43,330.84,9.54,220.1044568245125,4.266852367688022,91.95403899721448,677.9500696378831,5.363370473537604,6.142339832869079,6.135376044568246,36.940111420612816,0.0807799442896936
MLO,2018,1,408.1,1876.47,330.76,9.58,186.614247311828,5.273252688172043,94.20564516129032,679.305873655914,5.816263440860215,6.37755376344086,6.230913978494624,36.138440860215056,0.0282258064516129
MLO,2018,2,408.83,1875.4,330.77,9.61,229.68153846153845,5.238615384615384,92.20153846153846,677.3130461538461,5.102615384615384,5.335846153846154,5.010461538461539,51.83384615384615,0.0338461538461538
MLO,2018,3,409.57,1871.22,330.97,9.63,225.2163978494624,4.908064516129032,93.31317204301077,677.6813844086021,5.528897849462366,5.737768817204301,5.380241935483871,55.598118279569896,0.168010752688172
MLO,2018,4,411.03,1869.48,331.02,9.67,192.72083333333333,4.327500000000001,91.50138888888888,679.882125,7.145555555555556,7.312222222222221,6.922777777777778,56.25694444444444,0.1347222222222222
MLO,2018,5,411.71,1866.08,330.99,9.71,192.18817204301075,3.5354838709677416,92.09677419354838,681.2192876344086,9.349327956989248,9.37997311827957,8.978494623655914,43.39650537634409,0.0
MLO,2018,6,410.72,1857.48,331.15,9.73,146.96527777777777,5.121944444444445,95.20416666666668,680.8978194444444,9.905855161787365,9.598459167950692,9.08425925925926,32.40384615384615,0.0
MLO,2018,7,409.28,1854.06,331.32,9.73,157.60752688172042,4.101075268817204,92.6733870967742,681.2984005376344,9.404704301075268,9.224059139784949,8.962768817204301,46.733870967741936,0.0094086021505376
MLO,2018,8,407.29,1854.61,331.32,9.72,159.53162853297442,5.241049798115747,93.20967741935485,680.9355645161291,8.9,9.028763440860214,8.743951612903226,60.02284946236559,0.4448924731182795
MLO,2018,9,405.7,1864.11,331.44,9.78,179.2736111111111,3.8105555555555553,92.30277777777778,679.9961527777778,8.876388888888888,9.247777777777776,9.179027777777778,54.54861111111112,0.0416666666666666
MLO,2018,10,406.33,1884.56,331.75,9.89,192.19086021505376,3.393548387096774,91.91129032258064,680.0717741935484,7.576478494623656,8.000537634408602,7.896908602150538,65.7002688172043,0.1142473118279569
MLO,2018,11,408.23,1895.17,331.98,9.97,188.25416666666663,3.588888888888888,91.55,680.048625,6.753333333333333,7.520416666666668,7.571944444444443,43.33472222222223,0.0083333333333333
MLO,2018,12,409.46,1889.67,332.02,9.97,160.57930107526883,6.025537634408602,94.38037634408602,680.2783736559139,6.621639784946237,7.023924731182794,7.033602150537634,27.94489247311828,0.0080645161290322
MLO,2019,1,410.77,1893.97,332.13,9.96,178.2459677419355,4.70255376344086,95.26344086021506,679.1711155913979,7.087365591397849,7.772580645161289,7.80994623655914,19.95108695652174,0.0
MLO,2019,2,411.84,1897.46,332.26,9.98,224.5580357142857,6.79122023809524,95.60267857142856,675.3549107142857,3.144196428571429,3.3563988095238093,3.1959821428571424,50.96726190476191,0.144345238095238
MLO,2019,3,412.24,1886.19,332.22,10.0,225.130376344086,4.262903225806451,95.08333333333331,679.2689784946236,6.349731182795699,6.700940860215054,6.638844086021504,25.56989247311828,0.0026881720430107
MLO,2019,4,413.46,1884.64,332.14,10.02,161.61805555555554,4.924444444444445,94.33333333333331,680.4586111111112,6.801666666666667,6.8613888888888885,6.5275,41.00138888888889,0.0263888888888888
MLO,2019,5,414.98,1885.81,332.21,10.07,164.21428571428572,5.558760107816712,95.28629032258064,680.5331317204301,9.11747311827957,9.091935483870968,8.763037634408603,36.82258064516129,0.0067204301075268
MLO,2019,6,414.3,1870.25,332.34,10.08,175.23333333333332,3.578472222222222,92.11111111111111,681.1186527777777,8.887777777777778,8.887638888888889,8.577916666666667,49.94583333333333,0.0319444444444444
MLO,2019,7,411.92,1859.46,332.41,10.08,139.21370967741936,4.535618279569892,94.81586021505376,681.4101075268817,9.26505376344086,9.289189189189187,9.116129032258064,48.579301075268816,0.1034946236559139
MLO,2019,8,409.75,1861.1,332.5,10.1,155.0779569892473,4.688172043010753,92.69220430107526,681.6966935483871,9.566801075268817,9.786424731182796,9.521505376344086,50.75672043010753,0.1344086021505376
MLO,2019,9,408.74,1872.02,332.58,10.14,162.46527777777777,3.820694444444445,91.9375,681.2141944444444,8.814027777777778,9.085138888888888,8.932638888888889,59.704166666666666,0.0805555555555555
MLO,2019,10,408.93,1885.47,332.66,10.18,161.93413978494624,4.763844086021505,94.18145161290325,680.2475134408603,8.66478494623656,8.9625,8.854166666666666,41.229838709677416,0.043010752688172
MLO,2019,11,410.31,1894.1,332.82,10.22,194.23055555555555,4.0351388888888895,92.55,679.9911944444445,7.015833333333333,7.569166666666669,7.685277777777777,50.34722222222222,0.0402777777777777
MLO,2019,12,412.0,1900.17,332.98,10.25,175.65994623655914,5.669892473118279,95.04166666666669,679.9484139784946,7.09005376344086,7.719758064516129,7.786962365591398,38.62903225806452,0.0362903225806451
MLO,2020,1,,,,,159.7830832196453,5.380900409276944,93.5752688172043,680.0678494623655,5.548387096774194,6.269758064516129,6.344086021505376,45.75537634408602,0.1653225806451612
MLO,2020,2,,,,,176.96428571428572,6.253715170278637,88.10919540229885,677.8266810344827,5.005603448275863,5.386494252873563,5.248706896551725,32.583333333333336,0.0100574712643678
MLO,2020,3,,,,,205.55076495132127,4.77635605006954,89.54838709677419,679.555067204301,4.794758064516129,4.986559139784946,4.833736559139785,51.00568181818182,0.0954301075268817
MLO,2020,4,,,,,176.4547983310153,4.273296244784423,90.4486111111111,680.2786111111111,7.177777777777778,7.312777777777779,7.095972222222223,39.259312320916905,0.0375
MLO,2020,5,,,,,169.7056451612903,4.162768817204301,93.14381720430109,681.6760080645162,9.138306451612904,9.113037634408602,8.775806451612903,32.0792349726776,0.0134408602150537
MLO,2020,6,,,,,158.1875,5.216944444444445,94.86944444444444,681.6990138888889,10.155277777777778,10.04861111111111,9.639305555555556,27.86211699164345,0.0
MLO,2020,7,,,,,150.2029569892473,5.245698924731182,94.63844086021506,681.2178225806451,9.491666666666664,9.548252688172042,9.150403225806452,35.430939226519335,0.032258064516129
MLO,2020,8,,,,,144.6989247311828,5.538844086021505,95.38575268817203,681.3016397849462,9.54798387096774,9.708198924731182,9.36491935483871,35.15458276333789,0.0362903225806451
MLO,2020,9,,,,,147.73055555555555,4.146527777777778,94.53333333333332,681.2339722222222,8.980138888888888,9.550277777777778,9.392083333333334,35.596774193548384,0.0416666666666666
MLO,2020,10,,,,,176.21908602150538,4.475268817204301,93.59005376344086,680.2319758064516,8.025806451612903,8.724462365591398,8.632930107526882,43.42067988668556,0.0483870967741935
MLO,2020,11,,,,,165.84572230014024,5.234642356241235,92.60833333333332,681.2882916666667,6.697638888888889,7.428888888888889,7.302361111111112,46.82251082251082,0.0430555555555555
MLO,2020,12,,,,,147.6061827956989,5.471908602150537,95.26344086021506,680.616061827957,6.406317204301075,6.974596774193548,6.981317204301075,,0.0174731182795698
